,Player,Tm,Age,Pos,G,GS,Int,Yds,TD,Lng,PD,FF,Fmb,FR,Yds,TD,Sk,Comb,Solo,Ast,TFL,QBHits,Sfty
0,,,,,,,,,,,,,,,,,,,,,,,
1,DeAndre Levy,DET,27,LB,16,16,1,13,0,13,4,,,,,,2.5,155,121,34,16,4,1
2,Luke Kuechly*+,CAR,23,MLB,16,16,1,0,0,0,12,1,0,1,0,0,3.0,171,107,64,9,4,
3,Morgan Burnett,GNB,25,SS,15,15,1,32,0,32,4,1,0,2,0,0,1.5,143,105,38,4,3,
4,Lavonte David,TAM,24,LB,14,14,0,0,0,0,4,4,0,1,0,0,1.0,145,101,44,17,4,
5,Curtis Lofton,NOR,28,LB,16,16,0,0,0,0,1,1,0,1,0,0,,145,100,45,5,4,
6,C.J. Mosley*,BAL,22,LB,16,16,2,23,0,18,8,1,0,1,6,0,3.0,151,99,52,8,12,
7,D'Qwell Jackson*,IND,31,MLB,16,16,0,0,0,0,1,1,0,4,35,1,4.0,167,96,71,9,5,
8,Brandon Marshall,DEN,25,LB,14,13,1,0,0,0,9,2,0,0,0,0,2.0,119,95,24,11,3,
9,Jamie Collins,NWE,25,LB,15,15,2,0,0,0,3,4,1,2,3,0,4.0,138,91,47,8,10,
10,Eric Weddle*+,SDG,29,FS,16,16,1,17,0,17,8,2,0,0,0,0,,114,91,23,2,0,
11,Lawrence Timmons*,PIT,28,lb/RILB,16,16,0,0,0,0,1,,,,,,2.0,139,90,49,7,4,
12,K.J. Wright,SEA,25,LB/mlb,16,16,0,0,0,0,4,3,0,1,0,0,2.0,130,89,41,5,2,
13,Earl Thomas*+,SEA,25,FS/s,16,16,1,47,0,47,5,4,1,1,0,0,,122,88,34,1,0,
14,Barry Church,DAL,26,SS,16,16,2,49,0,45,6,2,0,1,-1,0,,109,87,22,2,0,
15,Michael Griffin,TEN,29,FS,16,16,2,12,0,12,5,,,,,,3.0,112,85,27,6,3,
16,Chris Borland,SFO,23,LB,14,8,2,12,0,12,4,0,0,1,0,0,1.0,107,84,23,12,1,
17,T.J. McDonald,STL,23,s/SS,16,16,1,20,0,20,6,0,0,1,3,0,2.0,105,84,21,8,2,
18,Alec Ogletree,STL,23,LB,16,16,2,44,0,44,12,4,0,0,0,0,,111,84,27,6,0,
19,Ron Parker,KAN,27,db/lcb/SS,16,15,1,10,0,10,12,1,0,0,0,0,1.0,94,84,10,2,1,
20,Paul Worrilow,ATL,24,LB,16,16,0,0,0,0,3,2,0,0,0,0,2.0,143,84,59,4,9,
21,Jelani Jenkins,MIA,22,LB,15,14,0,0,0,0,1,2,0,0,0,0,3.5,110,83,27,9,6,
22,Bobby Wagner*+,SEA,24,MLB,11,11,0,0,0,0,3,,,,,,2.0,135,83,52,10,6,
23,Rashad Johnson,ARI,28,db/FS/s,16,16,4,146,2,88,8,0,0,2,30,0,1.0,101,82,19,2,2,
24,Josh Mauga,KAN,27,LILB/mlb,16,16,0,0,0,0,3,,,,,,0.5,103,82,21,4,6,
25,James Laurinaitis,STL,28,MLB,16,16,0,0,0,0,2,0,0,2,17,0,3.5,109,81,28,4,6,
26,Daryl Smith,BAL,32,LB,16,16,1,0,0,0,8,5,0,1,39,0,1.0,144,81,63,3,3,
27,Charles Woodson,OAK,38,FS,16,16,4,35,0,30,8,0,0,1,0,0,1.0,111,81,30,4,1,
28,Kam Chancellor*,SEA,26,s/SS,14,14,1,52,0,52,6,1,0,0,0,0,,104,80,24,1,0,
29,Johnathan Cyprien,JAX,24,s/SS,15,15,0,0,0,0,3,,,,,,,114,80,34,5,0,
30,,,,,,,,,,,,,,,,,,,,,,,
31,Demario Davis,NYJ,25,LB,16,16,0,0,0,0,5,0,0,2,0,0,3.5,116,78,38,5,5,
32,Mike Adams*,IND,33,lb/SS,16,16,5,24,0,10,11,2,0,2,0,0,,106,77,29,1,1,
33,Miles Burris,OAK,26,MLB,16,16,0,0,0,0,1,,,,,,,110,77,33,4,1,
34,Thomas Davis,CAR,31,LB,15,15,0,0,0,0,3,2,0,1,33,0,2.5,117,77,40,8,4,
35,Jason McCourty,TEN,27,CB,16,16,3,0,0,0,11,2,0,1,62,1,,85,77,8,1,0,
36,Jameel McClain,NYG,29,lb/MLB,16,14,0,0,0,0,2,1,0,0,0,0,2.5,116,75,41,8,7,
37,Ryan Mundy,CHI,29,S/ss,16,16,4,52,1,45,6,0,0,1,0,0,1.0,103,75,28,1,1,
38,Ha Ha Clinton-Dix,GNB,22,FS/ss,16,10,1,9,0,9,6,0,0,1,0,0,1.0,105,74,31,1,2,
39,Jerrell Freeman,IND,28,LB,12,12,0,0,0,0,6,2,0,1,0,0,1.5,126,73,53,4,4,
40,David Harris,NYJ,30,MLB,16,16,0,0,0,0,3,2,0,0,0,0,5.5,124,72,52,6,6,
41,Tony Jefferson,ARI,22,SS,16,8,0,0,0,0,1,1,0,0,0,0,1.0,84,72,12,2,3,
42,Telvin Smith,JAX,23,LB,16,9,1,15,0,15,4,1,0,2,0,0,2.0,104,72,32,9,1,
43,Antoine Bethea*,SFO,30,SS,16,16,4,71,1,49,10,1,0,0,0,0,1.0,85,71,14,4,1,
44,Robert Blanton,MIN,25,s/SS,15,13,1,1,0,1,2,0,0,1,0,0,,105,71,34,0,0,
45,Keenan Robinson,WAS,25,MLB,13,13,1,0,0,0,3,0,0,1,0,0,1.5,104,71,33,6,9,
46,Antrel Rolle,NYG,32,SS,16,16,3,71,0,39,9,1,0,1,0,0,,87,71,16,1,1,
47,Harrison Smith,MIN,25,FS,16,16,5,150,1,81,9,1,0,0,0,0,3.0,92,71,21,7,5,
48,Reshad Jones,MIA,26,S,12,12,3,62,0,50,7,1,1,0,0,0,1.0,80,70,10,5,1,
49,Johnathan Joseph,HOU,30,RCB,16,16,2,85,1,60,11,2,0,2,73,0,,75,70,5,1,0,
50,Tahir Whitehead,DET,24,lb/MLB,16,15,2,2,0,2,5,,,,,,,91,70,21,4,2,
51,Deone Bucannon,ARI,22,db/s/ss,16,9,0,0,0,0,2,1,0,1,0,0,2.0,86,69,17,8,3,
52,J.J. Wilcox,DAL,23,FS,16,16,3,46,0,46,5,1,1,2,11,0,,81,69,12,0,1,
53,Ryan Clark,WAS,35,FS,16,15,1,8,0,8,3,0,1,2,0,0,0.5,101,68,33,3,1,
54,Donte Whitner*,CLE,29,SS,16,16,1,54,0,54,4,1,0,0,0,0,,105,68,37,3,0,
55,Dawan Landry,NYJ,32,S,16,14,0,0,0,0,1,,,,,,1.5,106,67,39,1,3,
56,Rolando McClain,DAL,25,MLB,13,12,2,0,0,0,3,1,0,0,0,0,1.0,87,67,20,9,3,
57,Sio Moore,OAK,24,LB,11,11,0,0,0,0,1,1,0,0,0,0,3.0,89,67,22,9,4,
58,Michael Wilhoite,SFO,28,LB,16,16,2,1,0,1,6,1,0,0,0,0,,87,67,20,4,3,
59,Nigel Bradham,BUF,25,LB,14,14,1,0,0,0,6,2,0,0,0,0,2.5,104,66,38,6,7,
60,Preston Brown,BUF,22,LB,16,14,1,0,0,0,2,0,0,1,30,0,,109,66,43,6,1,
61,,,,,,,,,,,,,,,,,,,,,,,
62,Anthony Hitchens,DAL,22,LB/mlb,16,11,1,8,0,8,4,,,,,,,84,66,18,3,2,
63,James Ihedigbo,DET,31,fs/s/SS,13,13,4,86,0,70,8,3,1,1,0,0,2.0,80,66,14,6,4,
64,Kemal Ishmael,ATL,23,S,16,10,4,37,1,23,6,1,0,1,18,0,,96,66,30,2,0,
65,Vincent Rey,CIN,27,LB/mlb,16,13,0,0,0,0,5,1,0,0,0,0,,133,66,67,1,1,
66,Corey Graham,BUF,29,lcb/rcb,16,9,2,75,0,45,16,0,0,1,0,0,,84,65,19,0,0,
67,Reggie Nelson,CIN,31,FS,16,16,4,30,0,31,13,0,0,1,6,0,1.5,99,65,34,5,3,
68,Bradley Roby,DEN,22,cb/lcb,16,2,2,0,0,0,13,2,0,2,3,0,1.0,67,65,2,5,1,
69,Greg Toler,IND,29,cb/LCB,15,15,2,47,1,47,10,1,0,0,0,0,1.0,75,65,10,2,0,
70,Tramon Williams,GNB,31,LCB,16,16,3,2,0,2,13,0,0,1,0,0,,77,65,12,0,1,
71,Larry Foote,ARI,34,LB,15,15,1,0,0,0,3,0,0,1,0,0,2.0,88,64,24,6,7,
72,E.J. Gaines,STL,22,cb/lb/LCB/rcb,15,15,2,0,0,0,14,0,0,1,0,0,,70,63,7,3,2,
73,Dashon Goldson,TAM,30,FS/s,14,14,0,0,0,0,1,0,0,1,2,0,,81,63,18,0,0,
74,Malcolm Jenkins,PHI,27,S,16,16,3,67,1,53,15,1,0,1,0,0,,79,63,16,3,0,
75,Patrick Chung,NWE,27,S,16,15,1,10,0,10,8,,,,,,,95,62,33,3,1,
76,Josh Evans,JAX,23,FS/ss,16,14,0,0,0,0,2,0,0,2,-2,0,,90,62,28,2,0,
77,Mychal Kendricks,PHI,24,LB,12,11,0,0,0,0,3,3,0,0,0,0,4.0,83,62,21,10,9,
78,Rodney McLeod,STL,24,FS/s,16,16,2,1,0,1,6,2,0,3,9,0,,72,62,10,3,0,
79,T.J. Ward*,DEN,28,SS,15,15,2,55,0,37,5,,,,,,2.0,76,62,14,6,5,
80,Dont'a Hightower,NWE,24,LB,12,12,0,0,0,0,2,1,0,0,0,0,6.0,105,61,44,9,13,
81,Danny Lansanah,TAM,29,LB/mlb,16,11,3,60,2,33,8,,,,,,1.5,81,61,20,8,2,
82,William Gay,PIT,29,db/lcb/nt/rcb,16,13,3,113,3,52,12,,,,,,,71,60,11,1,0,
83,Dwight Lowery,ATL,28,S,16,15,2,21,0,21,5,2,0,1,0,0,1.0,79,60,19,1,3,
84,Perry Riley,WAS,26,LB,14,14,0,0,0,0,4,1,0,0,0,0,2.0,94,60,34,8,3,
85,Marcus Gilchrist,SDG,26,SS,16,16,1,4,0,4,5,2,0,0,0,0,1.0,76,59,17,7,1,
86,Justin Houston*+,KAN,25,lb/LOLB,16,16,0,0,0,0,5,4,0,0,0,0,22.0,68,59,9,23,25,
87,Emmanuel Lamur,CIN,25,LB,14,13,2,6,0,5,7,,,,,,,97,59,38,3,2,
88,Khalil Mack,OAK,23,LB,16,16,0,0,0,0,3,1,0,0,0,0,4.0,75,59,16,16,12,
89,Devin McCourty,NWE,27,S,16,16,2,70,0,60,6,1,0,0,0,0,,78,59,19,0,1,
90,J.J. Watt*+,HOU,25,DE,16,16,1,80,1,80,10,4,0,5,59,1,20.5,78,59,19,29,51,1
91,Husain Abdullah,KAN,29,FS,16,16,1,39,1,39,8,,,,,,,71,58,13,2,5,
92,,,,,,,,,,,,,,,,,,,,,,,
93,Jonathan Bostic,CHI,23,LB,13,8,0,0,0,0,3,,,,,,,83,58,25,4,0,
94,Bashaud Breeland,WAS,22,cb/LCB/ss,16,15,2,0,0,0,14,2,0,0,0,0,,69,58,11,3,1,
95,Joe Haden*,CLE,25,LCB,15,15,3,0,0,0,20,1,0,2,34,0,,73,58,15,1,0,
96,Glover Quin*,DET,28,FS/ss,16,16,7,117,0,56,10,,,,,,,74,58,16,2,0,
97,Aqib Talib*,DEN,28,cb/LCB,15,15,4,62,2,33,16,1,0,0,0,0,1.0,67,58,9,3,1,
98,Bruce Carter,DAL,26,LB,13,8,5,72,1,35,8,,,,,,1.0,82,57,25,5,3,
99,Craig Robertson,CLE,26,lb/mlb,16,11,2,30,0,15,4,0,0,1,0,1,,99,57,42,6,3,
100,Alterraun Verner,TAM,26,CB,14,14,2,26,0,26,9,2,0,0,0,0,,75,57,18,7,0,
101,George Wilson,TEN,33,db/SS,16,10,1,0,0,0,4,,,,,,1.0,73,57,16,4,0,
102,Mark Barron,2TM,25,,16,9,0,0,0,0,4,0,1,1,8,0,3.0,72,56,16,4,4,
103,Chad Greenway,MIN,31,LB,12,12,0,0,0,0,2,1,0,0,0,0,1.0,93,56,37,4,5,
104,Orlando Scandrick,DAL,27,cb/RCB,14,14,2,2,0,2,9,2,0,0,0,0,1.0,63,56,7,2,1,
105,Cary Williams,PHI,30,CB,16,16,2,-1,0,0,9,,,,,,,60,56,4,2,0,
106,Anthony Barr,MIN,22,LB,12,12,0,0,0,0,3,2,0,3,27,1,4.0,70,55,15,6,7,
107,Janoris Jenkins,STL,26,RCB,14,13,2,124,2,99,5,2,0,0,0,0,,59,55,4,1,0,
108,Adam Jones+,CIN,31,db/lcb/rcb,16,3,3,23,0,12,11,0,1,1,0,0,,69,55,14,0,0,
109,Mike Mitchell,PIT,27,FS,16,16,0,0,0,0,3,2,0,0,0,0,,76,55,21,0,0,
110,Buster Skrine,CLE,25,RCB,16,16,4,34,0,30,18,,,,,,,67,55,12,0,0,
111,Jacquian Williams,NYG,26,LB,9,9,0,0,0,0,3,,,,,,,78,55,23,1,1,
112,Jasper Brinkley,MIN,29,MLB,16,11,,,,,,1,0,0,0,0,1.0,75,54,21,3,1,
113,Brandon Carr,DAL,28,cb/LCB,16,16,0,0,0,0,7,0,0,1,0,0,1.0,63,54,9,2,3,
114,Chris Harris*,DEN,25,cb/RCB,16,16,3,52,0,38,17,1,0,1,0,0,1.0,58,54,4,5,1,
115,A.J. Hawk,GNB,30,LB/mlb,16,13,0,0,0,0,2,,,,,,0.5,94,54,40,1,1,
116,Shareece Wright,SDG,27,RCB,14,14,0,0,0,0,9,,,,,,,60,54,6,2,0,
117,Bradley Fletcher,PHI,28,CB,15,15,1,34,1,34,22,1,0,1,0,0,,60,53,7,1,0,
118,Rob Ninkovich,NWE,30,DE,16,16,1,11,0,11,2,0,0,1,15,1,8.0,77,53,24,11,16,
119,Jason Pierre-Paul,NYG,25,DE,16,16,0,0,0,0,6,3,0,1,0,0,12.5,77,53,24,16,21,
120,Desmond Trufant,ATL,24,CB/s,16,16,3,19,0,19,16,0,0,1,15,0,,61,53,8,1,0,
121,Wesley Woodyard,TEN,28,LB,16,16,2,20,0,13,3,,,,,,2.5,94,53,41,6,6,
122,David Amerson,WAS,23,RCB,15,15,0,0,0,0,7,,,,,,,61,52,9,1,0,
123,,,,,,,,,,,,,,,,,,,,,,,
124,A.J. Bouye,HOU,23,cb/db/lcb,14,6,3,120,1,67,10,1,0,1,0,0,,59,52,7,1,0,
125,David Hawthorne,NOR,29,LB,12,12,1,10,0,10,3,,,,,,3.0,83,52,31,7,5,
126,Kendrick Lewis,HOU,26,FS,16,16,2,32,1,27,6,3,0,1,0,0,,84,52,32,4,1,
127,Clay Matthews*,GNB,28,lolb/mlb/rolb,16,16,1,40,0,40,9,2,0,0,0,0,11.0,71,52,19,16,22,
128,Richard Sherman*+,SEA,26,cb/LCB,16,16,4,81,0,53,8,1,0,0,0,0,,67,52,15,2,0,
129,D.J. Swearinger,HOU,23,SS,16,12,2,31,0,25,6,3,0,1,0,0,1.0,74,52,22,3,3,
130,Kenny Vaccaro,NOR,23,fs/SS,15,14,2,45,0,45,5,,,,,,1.0,75,52,23,1,2,
131,Nate Allen,PHI,27,S,15,15,4,45,0,40,5,1,0,3,25,0,1.0,62,51,11,1,1,
132,Ryan Kerrigan,WAS,26,LOLB,16,16,0,0,0,0,1,5,0,1,0,0,13.5,64,51,13,18,19,
133,Captain Munnerlyn,MIN,26,LCB,16,16,2,1,0,1,5,0,0,1,0,0,,61,51,10,2,0,
134,Terence Newman,CIN,36,LCB,13,13,1,3,0,3,14,,,,,,,75,51,24,0,0,
135,J.T. Thomas,JAX,26,lb/MLB,16,10,2,10,0,10,5,2,0,1,0,1,,85,51,34,2,0,
136,Avery Williamson,TEN,22,LB,16,12,0,0,0,0,4,0,0,2,43,0,3.0,79,51,28,7,6,
137,Vontae Davis*,IND,26,cb/RCB,15,15,4,72,0,42,18,2,0,1,-9,0,,58,50,8,0,1,
138,Kyle Fuller,CHI,22,CB/lcb/rcb,16,14,4,81,0,31,10,3,0,0,0,0,,64,50,14,3,0,
139,Gerald Hodges,MIN,23,lb,14,7,1,27,1,27,6,,,,,,0.5,65,50,15,2,2,
140,George Iloka,CIN,24,SS,16,16,3,58,0,28,10,,,,,,,79,50,29,2,2,
141,Koa Misi,MIA,27,LB,11,11,0,0,0,0,1,0,0,1,0,0,1.0,66,50,16,4,4,
142,Corey White,NOR,24,cb/rcb/ss,15,9,2,2,0,2,6,1,0,1,0,0,1.0,53,50,3,1,2,
143,Aaron Williams,BUF,24,,15,14,1,26,0,26,5,0,1,0,0,0,,75,50,25,2,0,
144,Perrish Cox,SFO,27,LCB/rcb,15,14,5,12,0,10,16,0,1,2,0,0,,53,49,4,0,0,
145,Louis Delmas,MIA,27,S,13,12,1,81,1,81,3,0,0,2,0,0,1.0,60,49,11,2,1,
146,Leon Hall,CIN,30,RCB,15,15,1,-3,0,-3,8,,,,,,,69,49,20,2,1,
147,Robert McClain,ATL,26,cb,16,6,2,5,0,5,5,,,,,,1.0,59,49,10,2,1,
148,Jerraud Powers,ARI,27,cb/DB,16,11,3,19,0,12,10,1,0,0,0,0,1.0,54,49,5,3,4,
149,Darius Slay,DET,23,CB/lcb,16,16,2,42,0,40,17,,,,,,,62,49,13,1,0,
150,Calais Campbell*,ARI,28,DE,14,14,1,23,0,23,3,1,0,0,0,0,7.0,62,48,14,16,11,
151,Fletcher Cox,PHI,24,DE,16,16,,,,,,1,0,3,21,1,4.0,61,48,13,8,7,
152,Brandon Flowers,SDG,28,LCB,14,14,3,44,0,27,10,0,1,0,0,0,,52,48,4,1,1,
153,Brent Grimes*,MIA,31,CB,16,16,5,80,1,32,12,1,0,0,0,0,,58,48,10,1,0,
154,,,,,,,,,,,,,,,,,,,,,,,
155,Micah Hyde,GNB,24,cb/fs,16,12,2,9,0,9,7,0,1,1,0,0,1.0,62,48,14,2,1,
156,Kareem Jackson,HOU,26,cb/LCB,13,13,3,97,0,65,9,,,,,,,57,48,9,4,1,
157,Von Miller*,DEN,25,LB,16,16,0,0,0,0,2,1,0,1,2,0,14.0,66,48,18,16,27,
158,Patrick Peterson*,ARI,24,LCB,16,16,3,30,1,30,7,,,,,,1.0,55,48,7,0,1,
159,Jimmy Wilson,MIA,28,cb/lb/S,14,13,1,31,0,31,2,,,,,,,59,48,11,0,1,
160,Blidi Wreh-Wilson,TEN,25,CB,11,11,1,34,0,34,10,,,,,,,57,48,9,0,0,
161,Joplo Bartu,ATL,24,LB,16,14,,,,,,0,0,2,0,0,1.0,83,47,36,2,1,
162,Connor Barwin*,PHI,28,LB,16,16,0,0,0,0,5,2,0,0,0,0,14.5,64,47,17,15,21,
163,Tarell Brown,OAK,29,RCB,14,14,0,0,0,0,4,,,,,,,55,47,8,0,0,
164,Karlos Dansby,CLE,33,MLB,12,12,1,0,0,0,2,,,,,,3.0,93,47,46,10,3,
165,Tamba Hali*,KAN,31,lb/ROLB,16,16,,,,,,3,0,1,0,0,6.0,59,47,12,7,11,
166,Christian Kirksey,CLE,22,LB,16,8,0,0,0,0,2,1,0,0,0,0,2.0,81,47,34,5,4,
167,Paul Posluszny,JAX,30,mlb,7,7,0,0,0,0,1,0,0,1,10,0,2.0,69,47,22,2,3,
168,Kavell Conner,SDG,27,lb,16,7,0,0,0,0,1,1,0,0,0,0,1.0,70,46,24,2,0,
169,Antonio Cromartie*,ARI,30,RCB,16,16,3,65,0,40,10,0,0,1,14,1,,52,46,6,3,0,
170,Sean Smith,KAN,27,RCB,16,16,1,34,0,34,16,,,,,,,49,46,3,0,0,
171,Ndamukong Suh*+,DET,27,DT,16,16,0,0,0,0,3,,,,,,8.5,54,46,8,21,20,
172,Sam Barrington,GNB,24,lb/mlb,14,7,0,0,0,0,1,,,,,,1.0,66,45,21,3,4,
173,Darius Butler,IND,28,cb/fs/lcb/rcb,14,4,0,0,0,0,7,3,0,1,7,0,,51,45,6,1,1,
174,Donald Butler,SDG,26,LB,14,13,0,0,0,0,2,0,0,3,0,0,1.0,73,45,28,5,1,
175,Jurrell Casey,TEN,25,DT,16,16,,,,,,,,,,,5.0,68,45,23,13,18,
176,Antoine Cason,2TM,28,,14,11,2,81,0,80,6,4,0,2,0,0,,59,45,14,0,0,
177,LaRon Landry,IND,30,fs,11,6,,,,,,,,,,,2.5,63,45,18,5,5,
178,Corey Liuget,SDG,24,de/DT,16,16,0,0,0,0,2,2,0,2,0,1,4.5,57,45,12,13,9,
179,Bennie Logan,PHI,25,NT,16,16,0,0,0,0,1,1,0,0,0,0,,57,45,12,8,1,
180,Rashean Mathis,DET,34,CB/rcb,16,16,1,41,1,41,9,2,0,0,0,0,,54,45,9,0,0,
181,Byron Maxwell,SEA,26,RCB,13,12,2,23,0,21,12,0,0,1,0,0,,50,45,5,0,0,
182,Leodis McKelvin,BUF,29,LCB,10,9,4,10,0,9,8,1,1,0,0,0,,48,45,3,0,0,
183,Rahim Moore,DEN,24,FS/ss,16,16,4,36,0,19,5,1,0,1,0,0,,51,45,6,0,0,
184,Troy Polamalu,PIT,33,fs/SS,12,12,0,0,0,0,1,1,0,1,13,0,,69,45,24,5,1,
185,,,,,,,,,,,,,,,,,,,,,,,
186,Rafael Bush,NOR,27,db/fs,10,7,0,0,0,0,2,,,,,,,55,44,11,2,0,
187,Darrelle Revis*+,NWE,29,LCB/rcb,16,16,2,0,0,0,14,1,0,1,0,0,,50,44,6,2,0,
188,Da'Norris Searcy,BUF,26,,15,13,3,70,0,32,4,1,0,1,0,0,0.5,65,44,21,1,3,
189,Lardarius Webb,BAL,29,LCB,13,11,1,0,0,0,8,,,,,,,55,44,11,0,0,
190,Kroy Biermann,ATL,29,DE/lb,16,15,0,0,0,0,2,1,0,0,0,0,4.5,77,43,34,8,9,
191,Derrick Morgan,TEN,25,LB,16,16,0,0,0,0,7,2,0,0,0,0,6.5,63,43,20,10,9,
192,D.J. Hayden,OAK,24,cb/lcb,10,8,1,-1,0,-1,10,,,,,,,47,42,5,1,0,
193,James-Michael Johnson,KAN,25,RILB,16,9,0,0,0,0,1,1,0,0,0,0,,51,42,9,4,0,
194,Demetrius McCray,JAX,23,LCB,16,12,0,0,0,0,3,,,,,,,49,42,7,1,0,
195,Sheldon Richardson*,NYJ,24,DT/t,16,16,0,0,0,0,1,1,0,1,0,0,8.0,66,42,24,11,21,1
196,Kyle Arrington,NWE,28,cb/db/rcb,14,4,0,0,0,0,4,2,0,1,9,1,1.0,49,41,8,1,0,
197,Johnthan Banks,TAM,25,CB,15,14,4,69,1,32,10,,,,,,,50,41,9,1,1,
198,Brian Cushing,HOU,27,lb/MLB,14,14,0,0,0,0,2,1,0,0,0,0,1.0,72,41,31,1,9,
199,Quintin Demps,NYG,29,FS,16,9,4,19,0,10,7,1,2,0,0,0,,57,41,16,1,0,
200,Carlos Dunlap,CIN,25,DE,16,16,0,0,0,0,5,2,0,1,0,0,8.0,68,41,27,16,28,
201,Roman Harper,CAR,32,rcb/SS,16,16,4,43,1,31,10,1,0,0,0,0,1.0,67,41,26,0,1,
202,Christian Jones,CHI,23,lb,16,5,0,0,0,0,1,0,0,1,2,0,2.0,69,41,28,3,3,
203,Jason Worilds,PIT,26,LOLB,16,16,1,30,0,30,2,1,0,2,0,0,7.5,62,41,21,10,22,
204,Trent Cole,PHI,32,LB,15,15,,,,,,3,0,0,0,0,6.5,52,40,12,8,10,
205,Mason Foster,TAM,25,MLB,10,10,0,0,0,0,2,,,,,,,62,40,22,2,1,
206,Bradley McDougald,TAM,24,ss,15,5,1,0,0,0,7,,,,,,,50,40,10,0,0,
207,Kevin Minter,ARI,24,lb,16,5,,,,,,,,,,,1.0,45,40,5,5,3,
208,Josh Norman,CAR,27,RCB,14,10,2,60,0,33,11,1,1,1,0,0,,54,40,14,0,0,
209,Brandian Ross,2TM,25,,14,10,2,7,0,7,6,1,0,0,0,0,,55,40,15,1,2,
210,Darian Stewart,BAL,26,FS,16,14,1,0,0,0,3,1,0,1,0,0,,56,40,16,1,1,
211,Darrin Walls,NYJ,26,CB/s,14,12,2,25,0,25,12,,,,,,,40,40,0,1,0,
212,Ezekiel Ansah,DET,25,DE,16,16,,,,,,3,0,0,0,0,7.5,51,39,12,13,26,
213,Dwayne Gratz,JAX,24,lcb/RCB,15,13,1,55,1,55,8,2,0,0,0,0,,55,39,16,1,0,
214,Everson Griffen,MIN,27,DE,16,16,0,0,0,0,3,1,0,0,0,0,12.0,56,39,17,14,24,
215,Mike Mohamed,HOU,26,lb,14,2,1,0,0,0,6,,,,,,,67,39,28,2,1,
216,,,,,,,,,,,,,,,,,,,,,,,
217,Sterling Moore,DAL,24,cb/db,16,7,0,0,0,0,12,1,0,2,17,0,,50,39,11,1,0,
218,Robert Quinn*,STL,24,DE,16,16,0,0,0,0,6,5,0,0,0,0,10.5,46,39,7,13,20,
219,Xavier Rhodes,MIN,24,RCB,16,16,1,0,0,0,18,,,,,,,48,39,9,5,0,
220,Coty Sensabaugh,TEN,26,cb,13,6,0,0,0,0,6,0,0,1,0,0,1.0,47,39,8,1,1,
221,Terrell Suggs,BAL,32,LB,16,16,0,0,0,0,1,0,0,1,0,0,12.0,69,39,30,16,20,1
222,Manti Te'o,SDG,23,lb,10,6,1,0,0,0,3,,,,,,1.0,61,39,22,3,1,
223,Duke Williams,BUF,24,rcb,16,4,1,34,0,34,3,1,0,2,3,0,,53,39,14,1,2,
224,Antwon Blake,PIT,24,lcb,16,1,1,0,0,0,6,1,0,1,0,0,,43,38,5,0,0,
225,Chris Culliver,SFO,26,RCB,14,14,4,61,0,29,14,1,0,1,35,1,,45,38,7,0,0,
226,Andrew Gachkar,SDG,26,lb,15,5,0,0,0,0,1,0,0,1,13,1,1.0,49,38,11,8,1,
227,Stephon Gilmore,BUF,24,RCB,14,14,3,61,0,27,6,1,0,0,0,0,,46,38,8,3,0,
228,Ramon Humber,NOR,27,lb,15,6,0,0,0,0,1,,,,,,1.0,50,38,12,2,2,
229,Dontari Poe*,KAN,24,NT,16,16,0,0,0,0,1,,,,,,6.0,46,38,8,4,8,
230,Nickell Robey-Coleman,BUF,22,cb/db/mlb,16,7,0,0,0,0,7,0,0,2,2,0,1.0,47,38,9,3,1,
231,Josh Robinson,MIN,23,cb,16,5,3,22,0,23,8,,,,,,,40,38,2,0,0,
232,Jared Allen,CHI,32,DE/dt,15,15,0,0,0,0,4,2,0,2,0,0,5.5,55,37,18,7,18,
233,Prince Amukamara,NYG,25,RCB,8,8,3,66,0,38,11,,,,,,,45,37,8,0,0,
234,T.J. Carrie,OAK,24,cb/lcb/rcb,13,4,1,28,0,28,9,1,2,2,0,0,,44,37,7,2,1,
235,William Compton,WAS,25,lb/mlb,16,5,,,,,,,,,,,,56,37,19,0,2,
236,Aaron Donald*,STL,23,LDT/rdt,16,12,0,0,0,0,1,2,0,0,0,0,9.0,47,37,10,18,13,
237,Casey Hayward,GNB,25,cb,16,1,3,113,1,82,7,0,0,2,49,1,,47,37,10,2,1,
238,Tim Jennings,CHI,31,CB/lcb/rcb,16,16,0,0,0,0,7,1,0,1,17,0,,51,37,14,2,0,
239,Chandler Jones,NWE,24,DE,10,8,0,0,0,0,2,2,0,1,0,0,6.0,51,37,14,5,11,
240,Keenan Lewis,NOR,28,LCB,16,16,2,2,0,2,13,,,,,,,41,37,4,1,0,
241,Tyrann Mathieu,ARI,22,fs/ss,13,6,1,9,0,9,4,0,0,1,9,0,,39,37,2,2,4,
242,Jerod Mayo,NWE,28,lb,6,6,,,,,,0,0,1,0,0,1.0,53,37,16,3,2,
243,DeMarcus Ware*,DEN,32,DE,16,15,1,3,0,3,1,2,0,0,0,0,10.0,45,37,8,15,20,
244,Bjoern Werner,IND,24,LB/rolb,15,15,0,0,0,0,2,1,0,1,1,0,4.0,50,37,13,11,7,
245,Antonio Allen,NYJ,26,CB,15,8,0,0,0,0,6,1,0,0,0,0,0.5,41,36,5,1,1,
246,Cortez Allen,PIT,26,lcb,11,7,2,27,0,27,11,0,0,1,0,0,,41,36,5,3,7,
247,,,,,,,,,,,,,,,,,,,,,,,
248,Brandon Boykin,PHI,24,,16,0,1,0,0,0,9,1,0,0,0,0,,41,36,5,0,0,
249,Jerry Hughes,BUF,26,DE,16,16,,,,,,3,0,1,18,1,10.0,54,36,18,13,20,
250,Devon Kennard,NYG,23,lb,12,6,0,0,0,0,1,2,0,0,0,0,4.5,43,36,7,10,5,
251,Paul Kruger,CLE,28,LB,16,15,0,0,0,0,4,4,0,1,0,0,11.0,53,36,17,13,17,
252,Brandon Meriweather,WAS,30,SS,10,10,0,0,0,0,4,3,0,1,0,0,3.0,55,36,19,5,3,
253,Calvin Pryor,NYJ,22,S,16,11,0,0,0,0,2,,,,,,0.5,61,36,25,1,1,
254,Dominique Rodgers-Cromartie,NYG,28,LCB,16,15,2,26,0,16,12,,,,,,,38,36,2,1,0,
255,DeMeco Ryans,PHI,30,LB,8,8,1,0,0,0,4,0,1,1,0,0,,45,36,9,5,1,
256,Sam Shields*,GNB,27,RCB,14,14,2,62,0,62,9,,,,,,,44,36,8,1,0,
257,Cedric Thornton,PHI,26,DE,16,16,0,0,0,0,2,0,0,3,40,1,1.0,52,36,16,5,1,
258,Mario Williams*+,BUF,29,DE,16,16,0,0,0,0,2,2,0,0,0,0,14.5,42,36,6,19,18,
259,Jahleel Addae,SDG,24,db/s/ss,11,5,,,,,,2,0,1,0,0,1.0,48,35,13,1,1,
260,Marcell Dareus*+,BUF,24,DT,15,15,0,0,0,0,1,1,0,0,0,0,10.0,49,35,14,12,14,
261,Brandon Graham,PHI,26,lb,16,1,,,,,,4,0,0,0,0,5.5,46,35,11,12,9,
262,Mark Herzlich,NYG,27,LB,15,8,0,0,0,0,2,0,0,1,1,0,1.0,52,35,17,4,1,
263,Cameron Heyward,PIT,25,DE,16,16,0,0,0,0,4,,,,,,7.5,55,35,20,11,16,
264,Jarret Johnson,SDG,33,LB,15,14,0,0,0,0,1,1,0,0,0,0,1.0,50,35,15,5,1,
265,Lamarcus Joyner,STL,24,db,10,1,0,0,0,0,2,,,,,,1.0,40,35,5,3,1,
266,Rey Maualuga,CIN,27,lb/MLB,12,12,1,4,0,4,4,,,,,,,61,35,26,5,0,
267,Clinton McDonald,TAM,27,DT,13,13,1,3,0,3,2,0,0,2,4,0,5.0,46,35,11,9,8,
268,Eric Reid,SFO,23,FS,15,15,3,138,0,73,7,,,,,,,42,35,7,0,1,
269,Sean Spence,PIT,24,lb/LILB,16,9,,,,,,1,0,1,0,0,1.0,55,35,20,3,2,
270,Major Wright,TAM,26,db/fs/s/ss,12,7,0,0,0,0,1,,,,,,,51,35,16,2,0,
271,Kurt Coleman,KAN,26,db/ss,15,3,3,12,0,12,6,1,0,1,0,0,,37,34,3,0,0,
272,Thomas DeCoud,CAR,29,FS,15,11,1,35,0,35,3,,,,,,,50,34,16,0,1,
273,Geno Hayes,JAX,27,LB,16,11,,,,,,1,0,0,0,0,2.0,51,34,17,9,1,
274,Will Hill,BAL,24,db/s/ss,10,8,1,44,1,44,4,,,,,,,47,34,13,3,1,
275,Malik Jackson,DEN,24,de/dt,16,3,0,0,0,0,4,1,0,0,0,0,3.0,46,34,12,8,12,
276,Sen'Derrick Marks,JAX,27,DT,16,16,0,0,0,0,3,0,0,1,0,0,8.5,43,34,9,15,17,
277,Julius Peppers,GNB,34,de/LOLB/rolb,16,16,2,101,2,52,11,4,0,3,2,0,7.0,54,34,20,5,17,
278,,,,,,,,,,,,,,,,,,,,,,,
279,Jason Trusnik,MIA,30,lb,16,6,1,0,0,0,2,0,0,2,0,0,,50,34,16,3,0,
280,Philip Wheeler,MIA,30,lb,15,4,,,,,,,,,,,,45,34,11,3,0,
281,Chykie Brown,2TM,28,,15,5,0,0,0,0,3,,,,,,,40,33,7,0,0,
282,Matt Elam,BAL,23,db/s/SS,16,11,0,0,0,0,4,1,0,0,0,0,0.5,52,33,19,1,3,
283,Cortland Finnegan,MIA,30,CB,12,12,0,0,0,0,8,1,0,1,50,1,,44,33,11,1,0,
284,Junior Galette,NOR,26,LB,16,13,0,0,0,0,2,3,0,0,0,0,10.0,45,33,12,9,20,2
285,William Hayes,STL,29,DE,16,9,,,,,,1,0,1,6,0,4.0,42,33,9,11,5,
286,Trumaine Johnson,STL,24,lb/lcb,9,5,3,69,1,43,6,,,,,,,36,33,3,1,0,
287,Logan Ryan,NWE,23,cb/db/rcb,16,6,2,0,0,0,6,2,0,0,0,0,,46,33,13,0,0,
288,Melvin White,CAR,24,lcb/rcb,15,7,1,23,0,23,6,1,0,0,0,0,,37,33,4,1,0,
289,Eric Berry,KAN,26,lcb/ss,6,5,0,0,0,0,2,,,,,,,37,32,5,0,1,
290,Chris Conte,CHI,25,fs/S,12,12,3,6,0,5,3,,,,,,,43,32,11,0,0,
291,Danieal Manning,HOU,32,db/ss,16,5,0,0,0,0,2,0,1,1,0,0,,46,32,14,1,1,
292,Patrick Robinson,NOR,27,db/rcb,14,6,2,2,0,2,11,,,,,,,39,32,7,0,0,
293,Prince Shembo,ATL,23,lb,16,3,,,,,,,,,,,,58,32,26,2,1,
294,Brandon Spikes,BUF,27,MLB,16,10,0,0,0,0,3,1,0,0,0,0,1.0,54,32,22,6,1,
295,Olivier Vernon,MIA,24,DE,16,16,,,,,,2,0,0,0,0,6.5,47,32,15,9,13,
296,Michael Bennett,SEA,29,DE/ldt,16,16,,,,,,1,0,0,0,0,7.0,47,31,16,14,19,
297,Ron Brooks,BUF,26,rcb,14,1,0,0,0,0,1,,,,,,,35,31,4,3,5,
298,Justin Durant,DAL,29,lb,6,6,1,1,0,1,4,2,0,1,0,0,,49,31,18,2,0,
299,Charles Johnson,CAR,28,DE,16,16,0,0,0,0,2,3,0,1,0,0,8.5,46,31,15,9,14,
300,Cameron Jordan,NOR,25,DE,16,16,1,6,0,6,5,0,0,1,0,0,7.5,50,31,19,8,10,
301,Casey Matthews,PHI,25,LB,16,11,,,,,,1,0,1,8,0,1.5,53,31,22,4,3,
302,Whitney Mercilus,HOU,24,LB,15,13,,,,,,2,0,0,0,0,5.0,50,31,19,9,11,
303,Jamar Taylor,MIA,24,cb,12,3,,,,,,,,,,,,31,31,0,3,0,
304,Cameron Wake*,MIA,32,DE,16,16,0,0,0,0,3,3,0,1,0,0,11.5,36,31,5,8,22,
305,Muhammad Wilkerson,NYJ,25,DE/dt,13,13,0,0,0,0,5,1,0,0,0,0,6.0,56,31,25,13,21,
306,Kyle Williams*,BUF,31,DT,15,15,1,2,0,2,3,,,,,,5.5,42,31,11,8,16,
307,Stevie Brown,NYG,27,db/fs,16,8,0,0,0,0,1,,,,,,1.0,38,30,8,2,2,
308,Nolan Carroll,PHI,27,cb,16,1,0,0,0,0,4,0,0,1,0,0,,31,30,1,1,1,
309,,,,,,,,,,,,,,,,,,,,,,,
310,Mike Daniels,GNB,25,DE/dt,16,16,,,,,,,,,,,5.5,47,30,17,8,17,
311,Johnathan Hankins,NYG,22,RDT,16,16,0,0,0,0,3,1,0,0,0,0,7.0,51,30,21,8,12,
312,Damon Harrison,NYJ,26,NT,16,16,,,,,,,,,,,,55,30,25,0,2,
313,Demontre Hurst,CHI,23,cb/db,15,2,1,0,0,0,1,1,0,0,0,0,,40,30,10,2,4,
314,Leonard Johnson,TAM,24,cb/db,16,3,1,-6,0,0,4,3,0,0,0,0,,46,30,16,0,0,
315,Alex Okafor,ARI,23,LB,13,12,1,26,0,26,3,,,,,,8.0,34,30,4,11,13,
316,Brock Vereen,CHI,22,s,16,4,1,0,0,0,1,1,0,0,0,0,,39,30,9,2,0,
317,D.J. Williams,CHI,32,LB/mlb,12,10,,,,,,,,,,,,46,30,16,1,0,
318,Jared Crick,HOU,25,DE,16,15,0,0,0,0,6,,,,,,3.5,56,29,27,6,12,
319,Elvis Dumervil*+,BAL,30,lb,16,2,0,0,0,0,1,2,0,1,0,0,17.0,39,29,10,15,27,
320,Jo-Lonn Dunbar,STL,29,LB,16,10,,,,,,,,,,,,36,29,7,4,2,
321,Sharrif Floyd,MIN,22,DT,14,11,0,0,0,0,1,,,,,,4.5,42,29,13,8,9,
322,James Harrison,PIT,36,lb/rolb,11,4,,,,,,,,,,,5.5,47,29,18,8,14,
323,Linval Joseph,MIN,26,NT,16,16,0,0,0,0,1,,,,,,3.0,48,29,19,5,10,
324,Erik Walden,IND,29,LB,15,14,,,,,,1,0,0,0,0,6.0,46,29,17,9,19,
325,Brandon Williams,BAL,25,de/NT,16,14,,,,,,1,0,1,0,0,0.5,54,29,25,2,2,
326,K'Waun Williams,CLE,23,db,13,4,0,0,0,0,8,,,,,,1.0,38,29,9,1,3,
327,Marcus Williams,2TM,23,,8,8,1,1,0,1,7,,,,,,,37,29,8,1,0,
328,Vince Williams,PIT,25,lilb,16,2,,,,,,0,0,1,0,0,,46,29,17,0,1,
329,Patrick Willis,SFO,29,lb,6,6,1,0,0,0,3,,,,,,,34,29,5,0,1,
330,Willie Young,CHI,29,DE,15,8,0,0,0,0,2,1,0,0,0,0,10.0,40,29,11,12,10,
331,Dane Fletcher,TAM,28,mlb,16,4,0,0,0,0,1,,,,,,0.5,41,28,13,0,1,
332,Tashaun Gipson*,CLE,24,FS,11,11,6,158,1,62,8,1,0,0,0,0,,52,28,24,2,0,
333,Bruce Irvin,SEA,27,de/LB,15,13,2,84,2,49,3,1,0,0,0,0,6.5,43,28,15,9,12,
334,Gerald McCoy*,TAM,26,DT,13,13,0,0,0,0,3,1,0,0,0,0,8.5,35,28,7,13,13,
335,Rashaan Melvin,2TM,25,,3,2,0,0,0,0,1,1,0,0,0,0,,35,28,7,1,0,
336,Domata Peko,CIN,30,NT,16,16,,,,,,,,,,,1.0,50,28,22,2,1,
337,Justin Smith,SFO,35,RDT,16,16,,,,,,2,0,1,0,0,5.0,43,28,15,7,14,
338,Akeem Spence,TAM,23,dt,16,5,,,,,,0,0,2,0,0,3.0,39,28,11,4,7,
339,Justin Tuck,OAK,31,DE,15,12,1,7,0,7,3,2,0,0,0,0,5.0,43,28,15,11,15,
340,,,,,,,,,,,,,,,,,,,,,,,
341,Courtney Upshaw,BAL,25,LB,16,14,0,0,0,0,1,,,,,,,46,28,18,4,2,
342,Vince Wilfork,NWE,33,DT/nt,16,16,1,1,0,1,2,,,,,,,53,28,25,2,1,
343,Allen Bailey,KAN,25,DE/dt,14,14,0,0,0,0,2,,,,,,5.0,41,27,14,10,8,
344,E.J. Biggers,WAS,27,cb,15,2,0,0,0,0,4,,,,,,,32,27,5,1,1,
345,Chris Clemons,JAX,33,DE/lb,16,16,0,0,0,0,3,4,0,1,0,0,8.0,36,27,9,6,10,
346,Dwan Edwards,CAR,33,,16,0,1,24,0,24,2,,,,,,4.0,43,27,16,7,15,
347,William Gholston,TAM,23,DE,15,9,0,0,0,0,3,,,,,,2.0,41,27,14,9,6,
348,Akiem Hicks,NOR,25,DE,15,14,,,,,,,,,,,2.0,42,27,15,7,7,
349,Davon House,GNB,25,cb/db/rcb,13,4,1,0,0,0,10,1,0,0,0,0,,31,27,4,1,0,
350,Jaiquawn Jarrett,NYJ,25,s,14,5,2,10,0,9,2,1,0,1,2,0,1.5,41,27,14,2,3,
351,Steven Johnson,DEN,26,mlb,14,7,,,,,,0,0,1,0,0,0.5,39,27,12,0,2,
352,Jim Leonhard,CLE,32,fs,16,5,2,34,0,34,3,0,1,0,0,0,1.0,43,27,16,1,2,
353,Chris Owens,KAN,28,cb/db,11,3,0,0,0,0,4,0,0,1,0,0,0.5,33,27,6,1,1,
354,Calvin Pace,NYJ,34,LB,16,16,0,0,0,0,3,,,,,,5.0,38,27,11,8,8,
355,Cory Redding,IND,34,DE,16,16,0,0,0,0,1,,,,,,3.5,44,27,17,6,15,
356,Ryan Shazier,PIT,22,lilb,9,5,0,0,0,0,1,,,,,,,40,27,13,2,1,
357,Malcolm Smith,SEA,25,lb,14,5,0,0,0,0,1,2,0,0,0,0,,40,27,13,2,0,
358,Bene Benwikere,CAR,23,cb/lcb,10,6,1,0,0,0,7,1,0,2,6,0,,35,26,9,0,1,
359,Brandon Browner,NWE,30,db/lcb/rcb,9,9,1,32,0,30,7,,,,,,,32,26,6,1,0,
360,Jonathan Casillas,2TM,27,,13,6,,,,,,1,0,0,0,0,,41,26,15,2,1,
361,Letroy Guion,GNB,27,dt/NT,16,16,0,0,0,0,1,1,0,0,0,0,3.5,41,26,15,8,9,
362,Jeff Heath,DAL,23,,14,0,,,,,,,,,,,,27,26,1,0,0,
363,Sammie Lee Hill,TEN,28,NT,15,15,0,0,0,0,6,,,,,,3.0,33,26,7,,,
364,Jaye Howard,KAN,26,DE,16,10,0,0,0,0,1,,,,,,1.0,36,26,10,4,7,
365,Nate Irving,DEN,26,MLB,8,8,,,,,,,,,,,1.0,46,26,20,6,2,1
366,Dontae Johnson,SFO,23,cb/lcb/rcb,16,3,1,20,1,20,6,,,,,,,34,26,8,1,3,
367,Ray McDonald,SFO,30,LDT,14,14,,,,,,1,0,0,0,0,3.0,39,26,13,4,8,
368,Jeremy Mincey,DAL,31,DE,16,16,,,,,,2,0,2,0,0,6.0,46,26,20,9,14,
369,Barkevious Mingo,CLE,24,LB,15,11,0,0,0,0,3,0,0,1,0,0,2.0,42,26,16,3,8,
370,Darryl Morris,HOU,24,lcb,11,1,1,0,0,0,6,,,,,,,31,26,5,1,0,
371,,,,,,,,,,,,,,,,,,,,,,,
372,Carlos Rogers,OAK,33,cb/lcb,7,7,0,0,0,0,1,1,0,0,0,0,,35,26,9,3,0,
373,Daimion Stafford,TEN,23,,15,0,1,33,0,33,3,0,0,1,0,0,1.0,33,26,7,4,3,
374,Derek Wolfe,DEN,24,DE,16,16,0,0,0,0,1,,,,,,1.5,38,26,12,0,5,
375,Sam Acho,ARI,26,lb,16,4,1,3,0,3,3,1,0,0,0,0,1.0,38,25,13,4,2,
376,Chris Baker,WAS,27,de/NT,15,12,,,,,,,,,,,1.0,40,25,15,4,4,
377,Ahmad Brooks,SFO,30,LB,13,13,0,0,0,0,3,1,0,1,0,0,6.0,30,25,5,6,10,
378,Sergio Brown,IND,26,FS,15,8,0,0,0,0,6,0,0,1,26,0,1.0,34,25,9,2,5,
379,Desmond Bryant,CLE,29,DE,15,15,0,0,0,0,1,0,0,1,0,0,5.0,49,25,24,8,12,
380,Marcus Burley,SEA,24,,13,0,1,24,0,24,5,,,,,,1.0,35,25,10,2,1,
381,Quinton Coples,NYJ,24,de/LB,16,15,,,,,,1,0,0,0,0,6.5,35,25,10,10,19,
382,Tyrone Crawford,DAL,25,de/DT,15,15,0,0,0,0,1,1,0,0,0,0,3.0,35,25,10,6,14,
383,Akeem Dent,HOU,27,lb/mlb,15,7,,,,,,,,,,,1.0,38,25,13,2,6,
384,Jamell Fleming,KAN,25,lcb,7,4,0,0,0,0,3,,,,,,,27,25,2,1,0,
385,Justin Gilbert,CLE,23,db,14,2,1,23,1,23,8,,,,,,,29,25,4,0,1,
386,Colin Jones,CAR,27,cb/lb,16,2,0,0,0,0,3,1,0,0,0,0,1.0,35,25,10,4,2,
387,A.J. Klein,CAR,23,LB,14,8,,,,,,1,0,0,0,0,,39,25,14,2,0,
388,Damontre Moore,NYG,22,,16,0,0,0,0,0,2,,,,,,5.5,32,25,7,6,12,
389,Brooks Reed,HOU,27,LB,16,13,1,5,0,5,4,,,,,,3.0,41,25,16,5,10,
390,Jabaal Sheard,CLE,25,lb,16,5,0,0,0,0,3,,,,,,2.0,44,25,19,4,6,
391,Dan Skuta,SFO,28,LB,14,10,0,0,0,0,1,3,0,0,0,0,5.0,33,25,8,5,5,
392,Josh Wilson,ATL,29,cb,16,4,1,15,0,15,7,,,,,,,27,25,2,1,0,
393,Robert Alford,ATL,26,CB,10,10,3,21,0,21,12,,,,,,,31,24,7,2,0,
394,Lance Briggs,CHI,34,LB,8,8,1,2,0,2,3,1,0,0,0,0,,35,24,11,2,1,
395,Michael Brockers,STL,24,dt/ldt/RDT,16,16,0,0,0,0,1,0,0,1,0,0,2.0,32,24,8,5,4,
396,Anthony Levine,BAL,27,fs/rcb,16,3,0,0,0,0,3,,,,,,,33,24,9,0,0,
397,Shea McClellin,CHI,25,LB,12,10,0,0,0,0,1,,,,,,1.0,36,24,12,6,1,
398,Mike Neal,GNB,27,de/rolb,16,3,,,,,,,,,,,4.5,42,24,18,7,11,
399,Jonathan Newsome,IND,23,lb,16,1,,,,,,4,0,0,0,0,6.5,33,24,9,5,9,
400,Stephen Paea,CHI,26,DT/nt,16,16,0,0,0,0,2,2,0,0,0,0,6.0,33,24,9,9,12,
401,Dan Williams,ARI,27,NT,16,9,0,0,0,0,1,,,,,,1.0,38,24,14,3,3,
402,,,,,,,,,,,,,,,,,,,,,,,
403,Kevin Williams,SEA,34,ldt/rdt,16,8,0,0,0,0,2,,,,,,3.0,38,24,14,8,4,
404,Kyle Wilson,NYJ,27,,16,0,0,0,0,0,1,,,,,,1.0,26,24,2,2,1,
405,Will Blackmon,JAX,30,cb/db,8,4,,,,,,1,0,0,0,0,1.0,30,23,7,1,1,
406,Tyvon Branch,OAK,28,ss,3,3,0,0,0,0,1,,,,,,1.0,29,23,6,1,1,
407,Aaron Colvin,JAX,23,db,6,1,0,0,0,0,2,0,0,1,41,1,,27,23,4,0,2,
408,Parys Haralson,NOR,30,LB,16,12,,,,,,0,0,1,0,0,3.0,36,23,13,6,8,
409,George Johnson,DET,27,,16,0,0,0,0,0,1,0,0,1,0,0,6.0,29,23,6,10,12,
410,Abry Jones,JAX,23,dt,16,2,0,0,0,0,1,1,0,0,0,0,3.0,39,23,16,4,3,
411,Tommy Kelly,ARI,34,de/DT/nt,16,13,0,0,0,0,2,,,,,,1.0,37,23,14,5,8,
412,Dre Kirkpatrick,CIN,25,lcb,16,2,3,32,1,30,7,,,,,,,27,23,4,0,0,
413,Jeromy Miles,BAL,27,s,16,2,1,6,0,6,1,2,0,1,0,0,,34,23,11,0,0,
414,Jared Odrick,MIA,27,DT/lb,16,16,0,0,0,0,5,1,0,1,0,0,1.0,29,23,6,3,8,
415,Nick Perry,GNB,24,rolb,15,4,0,0,0,0,1,1,0,1,0,0,3.0,32,23,9,4,3,
416,Frostee Rucker,ARI,31,dt/lb,15,7,0,0,0,0,1,2,0,0,0,0,5.0,28,23,5,9,8,
417,George Selvie,DAL,27,DE,16,13,0,0,0,0,1,1,0,1,2,0,3.0,36,23,13,3,8,
418,Eugene Sims,STL,28,de,16,1,,,,,,0,0,1,0,0,3.0,28,23,5,4,8,
419,Isa Abdul-Quddus,DET,25,db/ss,16,4,0,0,0,0,2,,,,,,,34,22,12,0,1,
420,Will Allen,PIT,32,ss,16,4,,,,,,1,0,0,0,0,,36,22,14,2,2,
421,Geno Atkins*,CIN,26,DT,16,16,0,0,0,0,1,1,0,0,0,0,3.0,36,22,14,8,9,1
422,Justin Bethel*,ARI,24,,16,0,,,,,,1,0,2,0,0,,26,22,4,0,1,
423,Tre Boston,CAR,22,fs,11,5,1,84,1,84,3,,,,,,,31,22,9,1,0,
424,David Bruton,DEN,27,s,14,1,0,0,0,0,3,2,0,0,0,0,,28,22,6,1,0,
425,Audie Cole,MIN,25,lb,16,1,0,0,0,0,1,,,,,,,26,22,4,1,0,
426,Asa Jackson,BAL,25,cb/lcb/rcb,7,6,0,0,0,0,3,,,,,,,28,22,6,1,0,
427,Jamari Lattimore,GNB,26,lolb/mlb,11,5,1,10,0,10,1,,,,,,,37,22,15,0,0,
428,Earl Mitchell,MIA,27,dt,16,4,0,0,0,0,1,,,,,,2.0,33,22,11,7,2,
429,Trent Murphy,WAS,24,ROLB,15,8,0,0,0,0,1,2,0,1,0,0,2.5,33,22,11,3,7,
430,Bernard Pollard,TEN,30,ss,5,5,0,0,0,0,1,,,,,,1.0,27,22,5,2,1,
431,Sean Richardson,GNB,24,,16,0,,,,,,,,,,,,26,22,4,2,2,
432,Kawann Short,CAR,25,dt/ldt,16,9,0,0,0,0,2,1,0,2,0,0,3.5,46,22,24,4,11,
433,,,,,,,,,,,,,,,,,,,,,,,
434,Jimmy Smith,BAL,26,RCB,8,8,1,31,0,31,6,,,,,,,28,22,6,0,0,
435,Kayvon Webster,DEN,23,,12,0,0,0,0,0,2,,,,,,,23,22,1,0,0,
436,Emmanuel Acho,PHI,24,lb,14,2,,,,,,,,,,,,31,21,10,2,0,
437,Phillip Adams,NYJ,26,cb/s,12,4,1,0,0,0,3,0,0,1,-1,0,,24,21,3,0,0,
438,Larry Asante,OAK,26,ss,6,2,,,,,,1,0,0,0,0,,25,21,4,0,0,
439,Marcus Cooper,KAN,24,lcb,13,4,0,0,0,0,3,0,1,0,0,0,,21,21,0,0,0,
440,Quinton Dial,SFO,24,nt,14,6,0,0,0,0,1,,,,,,2.0,30,21,9,3,3,
441,Danny Gorrer,2TM,28,,10,0,1,15,0,15,3,,,,,,,24,21,3,0,0,
442,Melvin Ingram,SDG,25,LB,9,9,0,0,0,0,1,2,0,1,0,0,4.0,29,21,8,5,7,
443,Star Lotulelei,CAR,25,dt/rdt,14,13,0,0,0,0,1,,,,,,2.0,29,21,8,7,4,
444,Brice McCain,PIT,28,cb/rcb,14,9,3,56,1,31,6,0,0,1,26,0,,31,21,10,0,0,
445,Roy Miller,JAX,27,DT,14,14,0,0,0,0,1,,,,,,1.0,31,21,10,4,2,
446,Jay Ratliff,CHI,33,DT,11,11,,,,,,,,,,,6.5,37,21,16,10,14,
447,Derrick Shelby,MIA,25,,15,0,1,2,0,2,1,0,0,1,0,0,3.0,26,21,5,4,3,
448,Sealver Siliga,NWE,24,de/dt,7,5,,,,,,,,,,,2.5,44,21,23,5,4,
449,Justin Tuggle,HOU,24,LB,16,8,1,8,0,8,2,0,0,1,0,0,,38,21,17,1,1,
450,Pierre Warren,2TM,22,,6,6,2,53,0,32,4,1,0,1,0,0,,30,21,9,0,0,
451,Usama Young,OAK,29,ss,6,3,0,0,0,0,2,,,,,,1.0,23,21,2,2,2,
452,Cliff Avril,SEA,28,DE,16,16,0,0,0,0,2,1,0,1,0,0,5.0,30,20,10,6,19,
453,Phillip Gaines,KAN,23,cb/db/lcb,13,5,0,0,0,0,4,,,,,,,20,20,0,3,2,
454,Mike Harris,2TM,25,,5,1,1,11,0,11,2,,,,,,1.0,21,20,1,3,1,
455,John Jenkins,NOR,25,nt,12,4,0,0,0,0,1,,,,,,1.0,30,20,10,3,1,
456,Michael Johnson,TAM,27,DE,14,13,,,,,,2,0,0,0,0,4.0,27,20,7,5,12,
457,Dion Jordan,MIA,24,de,10,1,0,0,0,0,1,,,,,,1.0,20,20,0,1,2,
458,Mathias Kiwanuka,NYG,31,DE,11,11,,,,,,2,0,0,0,0,2.5,28,20,8,2,6,
459,Haloti Ngata,BAL,30,DT,12,12,2,16,0,13,7,2,0,0,0,0,2.0,35,20,15,2,3,
460,Trent Robinson,WAS,24,fs,15,1,1,14,0,14,1,0,0,1,0,0,,29,20,9,0,0,
461,Andrew Sendejo,MIN,27,ss,16,3,,,,,,1,0,0,0,0,,27,20,7,0,1,
462,Paul Soliai,ATL,31,DT,15,14,,,,,,,,,,,1.0,29,20,9,6,1,
463,Tavon Wilson,NWE,24,,16,0,0,0,0,0,2,,,,,,,24,20,4,1,1,
464,,,,,,,,,,,,,,,,,,,,,,,
465,Zackary Bowman,NYG,30,lcb/rcb,16,5,2,25,0,18,6,0,0,1,6,0,,24,19,5,0,0,
466,Josh Bynes,DET,25,,13,0,1,17,0,17,1,0,0,1,0,0,,23,19,4,2,1,
467,Craig Dahl,SFO,29,fs,16,1,1,0,0,0,2,,,,,,,23,19,4,1,2,
468,Wallace Gilberry,CIN,30,DE,16,16,0,0,0,0,2,0,0,1,0,0,1.5,50,19,31,4,13,
469,Josh Gordy,IND,27,fs,16,1,1,0,0,0,4,0,0,1,0,0,,24,19,5,1,3,
470,Nick Hayden,DAL,28,DT,16,16,0,0,0,0,1,,,,,,,42,19,23,2,4,
471,Arthur Jones,IND,28,dt,9,3,,,,,,1,0,0,0,0,1.5,34,19,15,3,4,
472,Datone Jones,GNB,24,de,13,3,1,18,0,18,2,0,0,1,0,0,1.5,27,19,8,3,4,
473,Terrance Knighton,DEN,28,NT,16,16,0,0,0,0,3,,,,,,2.0,33,19,14,4,7,
474,Orie Lemon,2TM,27,,10,3,,,,,,,,,,,,23,19,4,5,0,
475,Trumaine McBride,NYG,29,cb,6,1,1,11,0,11,1,2,0,1,0,0,1.0,21,19,2,2,0,
476,Randy Starks,MIA,31,DT,15,15,0,0,0,0,1,0,0,1,0,0,4.5,28,19,9,6,6,
477,Phillip Thomas,WAS,25,ss,8,4,,,,,,0,0,1,2,0,,27,19,8,0,0,
478,Jimmie Ward,SFO,23,,8,0,0,0,0,0,2,,,,,,,20,19,1,0,0,
479,Akeem Ayers,2TM,25,,11,4,1,0,0,0,1,,,,,,4.0,25,18,7,6,5,
480,Robert Ayers,NYG,29,de,12,1,0,0,0,0,1,1,0,0,0,0,5.0,22,18,4,4,14,
481,Alan Ball,JAX,29,rcb,7,7,1,0,0,0,3,,,,,,,22,18,4,1,0,
482,Omar Bolden,DEN,26,,15,0,,,,,,0,0,1,0,0,,21,18,3,0,0,
483,Malcolm Butler,NWE,24,s,11,1,0,0,0,0,3,,,,,,,19,18,1,0,0,
484,Josh Chapman,IND,25,NT,16,15,,,,,,1,0,0,0,0,,25,18,7,3,0,
485,Andre Hal,HOU,22,,14,0,0,0,0,0,4,,,,,,,21,18,3,0,0,
486,Ricky Jean-Francois,IND,28,DT,16,13,0,0,0,0,4,0,0,1,0,0,3.0,34,18,16,7,6,
487,Jarvis Jenkins,WAS,26,DE,16,14,,,,,,,,,,,,28,18,10,3,3,
488,Karl Klug,TEN,26,,16,0,,,,,,,,,,,2.0,23,18,5,9,2,
489,Richard Marshall,SDG,30,lcb,8,1,,,,,,,,,,,,24,18,6,1,0,
490,O'Brien Schofield,SEA,27,,16,0,,,,,,1,0,1,0,0,2.0,25,18,7,2,7,
491,Antonio Smith,OAK,33,DT,16,16,,,,,,1,0,0,0,0,3.0,20,18,2,7,6,
492,Darrell Stuckey*,SDG,27,,16,0,0,0,0,0,1,0,0,2,53,1,,27,18,9,0,1,
493,Cassius Vaughn,DET,27,cb/lb,13,5,2,70,0,45,5,0,0,1,0,0,,21,18,3,1,0,
494,Jason Verrett,SDG,23,lcb/rcb/s,6,4,1,0,0,0,4,,,,,,,19,18,1,0,0,
495,,,,,,,,,,,,,,,,,,,,,,,
496,Ian Williams,SFO,25,NT,9,9,0,0,0,0,1,,,,,,1.0,22,18,4,4,1,
497,Sylvester Williams,DEN,26,DT,16,13,0,0,0,0,1,,,,,,,22,18,4,4,2,
498,Tourek Williams,SDG,23,,15,0,0,0,0,0,1,,,,,,,21,18,3,0,1,
499,Jairus Byrd,NOR,28,fs/rcb,4,4,0,0,0,0,2,1,0,0,0,0,,22,17,5,1,1,
500,Quinton Carter,DEN,26,,11,0,0,0,0,0,1,1,0,0,0,0,1.0,21,17,4,1,1,
501,Vinny Curry,PHI,26,,16,0,,,,,,4,0,1,0,0,9.0,19,17,2,7,11,
502,Todd Davis,2TM,22,,9,2,0,0,0,0,2,,,,,,,28,17,11,1,0,
503,Jayrone Elliott,GNB,23,,13,0,,,,,,,,,,,,18,17,1,0,1,
504,Zaviar Gooden,TEN,24,lb,15,2,,,,,,,,,,,,24,17,7,7,1,
505,Evander Hood,JAX,27,,16,0,,,,,,0,0,1,0,0,1.0,24,17,7,2,3,
506,Jason Jones,DET,28,DE,16,16,0,0,0,0,3,2,0,0,0,0,5.0,24,17,7,5,17,
507,Kendall Langford,STL,28,dt/ldt,16,4,,,,,,,,,,,1.0,25,17,8,1,3,
508,Aaron Lynch,SFO,21,lb,16,3,0,0,0,0,4,,,,,,6.0,23,17,6,9,14,
509,Danny McCray,CHI,26,,15,0,,,,,,0,0,1,0,0,,24,17,7,0,0,
510,Tony McDaniel,SEA,29,dt/LDT,16,14,0,0,0,0,1,0,0,1,0,0,,41,17,24,1,0,1
511,Pernell McPhee,BAL,26,,16,0,0,0,0,0,4,1,0,0,0,0,7.5,31,17,14,11,26,
512,Arthur Moats,PIT,26,ROLB,16,9,,,,,,2,0,1,0,0,4.0,24,17,7,4,6,
513,C.J. Mosley,DET,31,DT,15,8,,,,,,1,0,0,0,0,2.5,27,17,10,4,8,
514,Jumal Rolle,HOU,24,,10,0,3,25,0,13,4,,,,,,,19,17,2,1,0,
515,Kelvin Sheppard,MIA,26,lb,14,1,,,,,,1,0,0,0,0,,24,17,7,1,1,
516,Pat Sims,OAK,29,nt,16,2,0,0,0,0,1,,,,,,,25,17,8,1,1,
517,Kyle Wilber,DAL,25,lb,16,3,0,0,0,0,2,0,0,1,0,0,1.5,29,17,12,1,3,
518,Kamerion Wimbley,TEN,31,LB,13,12,,,,,,,,,,,2.0,32,17,15,5,6,
519,Billy Winn,CLE,25,de,13,5,1,0,0,0,2,1,0,0,0,0,,31,17,14,4,2,
520,Colt Anderson,IND,29,,15,0,,,,,,0,0,1,0,0,,19,16,3,0,0,
521,Ray-Ray Armstrong,2TM,23,,15,3,0,0,0,0,1,1,0,0,0,0,,20,16,4,1,0,
522,Terrence Brooks,BAL,22,,11,0,0,0,0,0,2,0,0,1,0,0,,19,16,3,0,1,
523,Tank Carradine,SFO,24,,9,0,,,,,,,,,,,3.0,17,16,1,,,
524,Will Davis,MIA,24,,10,0,0,0,0,0,3,,,,,,,17,16,1,0,0,
525,Darqueze Dennard,CIN,23,,14,0,0,0,0,0,1,1,0,0,0,0,1.0,19,16,3,1,1,
526,,,,,,,,,,,,,,,,,,,,,,,
527,Justin Ellis,OAK,24,dt/NT,16,14,0,0,0,0,1,,,,,,,21,16,5,1,1,
528,Quentin Groves,TEN,30,lb,16,3,,,,,,,,,,,1.0,18,16,2,2,1,
529,Jason Hatcher,WAS,32,DE,13,13,0,0,0,0,1,0,0,1,0,0,5.5,26,16,10,8,10,
530,Brad Jones,GNB,28,mlb,13,1,0,0,0,0,1,1,0,0,0,0,,23,16,7,2,1,
531,Chris Jones,NWE,24,de/DT,15,11,,,,,,0,0,1,0,0,3.0,27,16,11,4,7,
532,Jeremy Lane,SEA,24,cb,7,1,0,0,0,0,2,1,0,0,0,0,,23,16,7,1,0,
533,Manny Lawson,BUF,30,,16,0,0,0,0,0,2,,,,,,1.5,20,16,4,4,4,
534,Sean Lissemore,SDG,27,dt/nt,15,8,,,,,,0,0,1,0,0,1.0,29,16,13,1,2,
535,Jonathan Massaquoi,ATL,26,de/lb,15,3,0,0,0,0,1,,,,,,2.0,22,16,6,4,7,
536,Joe Mays,KAN,29,rilb,8,3,,,,,,0,0,1,0,0,,20,16,4,1,0,
537,Josh McNary,IND,26,lb,15,4,,,,,,,,,,,0.5,29,16,13,1,3,
538,Nick Moody,SFO,24,lb,16,2,,,,,,,,,,,,21,16,5,1,0,
539,Shaun Phillips,2TM,33,,16,1,0,0,0,0,2,,,,,,2.0,26,16,10,3,2,
540,Jordan Poyer,CLE,23,,16,0,,,,,,1,1,0,0,0,,22,16,6,0,0,
541,Dezmen Southward,ATL,24,,16,0,1,-5,0,-5,2,,,,,,1.0,23,16,7,1,2,
542,C.J. Wilson,OAK,27,de,16,7,,,,,,0,0,1,21,0,2.0,23,16,7,4,2,
543,Jason Babin,NYJ,34,de/lb,16,4,,,,,,,,,,,2.0,26,15,11,3,10,
544,Jonathan Babineaux,ATL,33,DE/dt,15,15,0,0,0,0,1,,,,,,2.0,31,15,16,5,8,
545,Red Bryant,JAX,30,DE,16,16,,,,,,1,0,0,0,0,1.0,23,15,8,2,2,
546,Vontaze Burfict,CIN,24,lb,5,5,0,0,0,0,2,1,0,1,0,0,,29,15,14,2,3,
547,Chris Canty,BAL,32,DE,11,11,0,0,0,0,2,1,0,0,0,0,0.5,35,15,20,1,1,
548,Chimdi Chekwa,OAK,26,cb/lcb,10,2,0,0,0,0,2,,,,,,,16,15,1,0,0,
549,Brian Dixon,NOR,24,,16,0,0,0,0,0,1,1,0,0,0,0,,18,15,3,0,0,
550,Kasim Edebali,NOR,25,,16,0,,,,,,1,0,0,0,0,2.0,22,15,7,2,2,
551,Jordan Hill,SEA,23,,13,0,1,8,0,8,4,0,0,3,0,0,5.5,19,15,4,6,10,
552,Ricardo Mathews,SDG,27,nt,12,2,,,,,,2,0,0,0,0,1.5,21,15,6,3,5,
553,Mike Patterson,NYG,31,LDT,16,8,,,,,,,,,,,,27,15,12,2,0,
554,Corey Peters,ATL,26,dt,15,2,,,,,,,,,,,2.0,26,15,11,6,5,
555,Ropati Pitoitua,TEN,29,DE,12,11,0,0,0,0,1,0,0,1,0,0,2.0,30,15,15,5,2,
556,Kendall Reyes,SDG,25,DE,16,15,,,,,,,,,,,1.0,32,15,17,2,6,
557,,,,,,,,,,,,,,,,,,,,,,,
558,LaRoy Reynolds,JAX,24,lb,16,3,,,,,,0,0,1,0,0,,23,15,8,1,1,
559,Brian Robison,MIN,31,DE,16,16,0,0,0,0,2,,,,,,4.5,22,15,7,5,12,
560,Tharold Simon,SEA,23,cb/rcb,10,5,1,0,0,0,3,,,,,,,18,15,3,0,0,
561,C.J. Spillman,DAL,28,,16,0,,,,,,1,0,1,0,0,,20,15,5,0,0,
562,Will Sutton,CHI,23,dt,15,5,0,0,0,0,2,,,,,,,22,15,7,2,0,
563,Michael Thomas,MIA,24,cb/s,8,2,,,,,,,,,,,,18,15,3,0,0,
564,Stephen Tulloch,DET,29,mlb,3,3,,,,,,,,,,,2.0,20,15,5,4,2,
565,Walt Aikens,MIA,23,,15,0,1,43,0,43,1,,,,,,,16,14,2,0,0,
566,Seyi Ajirotutu,SDG,27,wr,16,1,,,,,,,,,,,,18,14,4,0,0,
567,Brandon Bair,PHI,30,,16,0,0,0,0,0,1,,,,,,1.5,17,14,3,3,2,
568,Alan Branch,NWE,30,dt,8,2,0,0,0,0,1,,,,,,,20,14,6,1,2,
569,Crezdon Butler,TAM,27,cb,11,3,,,,,,,,,,,,14,14,0,0,0,
570,Ryan Davis,JAX,25,,16,0,0,0,0,0,2,2,0,2,0,0,6.5,19,14,5,7,11,
571,Leger Douzable,NYJ,28,,16,0,,,,,,,,,,,2.5,25,14,11,2,5,
572,Terrence Frederick,NOR,24,rcb,3,3,,,,,,,,,,,,16,14,2,2,0,
573,Charles Godfrey,2TM,29,,12,1,,,,,,,,,,,,19,14,5,1,1,
574,Tom Johnson,MIN,30,dt,16,2,,,,,,1,0,0,0,0,6.5,22,14,8,5,12,
575,Chris Maragos,PHI,27,,16,0,,,,,,1,0,0,0,0,,14,14,0,0,0,
576,Terrell McClain,DAL,26,,13,0,,,,,,1,0,0,0,0,1.0,19,14,5,3,3,
577,Brian Orakpo,WAS,28,rolb,7,7,0,0,0,0,1,,,,,,0.5,24,14,10,1,7,
578,Cedric Peerman,CIN,28,,16,0,,,,,,0,1,0,0,0,,17,14,3,0,0,
579,Chase Reynolds,STL,27,,15,0,,,,,,,,,,,,16,14,2,0,0,
580,Ahtyba Rubin,CLE,28,NT,13,11,0,0,0,0,1,,,,,,1.0,28,14,14,1,4,
581,DeShawn Shead,SEA,25,cb,16,1,0,0,0,0,2,,,,,,,17,14,3,0,0,
582,Russell Shepard,TAM,24,,16,0,,,,,,,,,,,,14,14,0,0,0,
583,Matthew Slater*,NWE,29,,16,0,,,,,,,,,,,,18,14,4,0,0,
584,Darryl Tapp,DET,30,,16,0,0,0,0,0,2,1,0,1,0,0,0.5,19,14,5,0,8,
585,Tyrunn Walker,NOR,24,nt,16,1,,,,,,1,0,0,0,0,2.5,19,14,5,2,3,
586,Tyson Alualu,JAX,27,,16,0,,,,,,,,,,,2.0,30,13,17,2,5,
587,Colin Cole,CAR,34,dt/ldt/rdt,16,10,,,,,,0,0,1,0,0,,32,13,19,4,0,
588,,,,,,,,,,,,,,,,,,,,,,,
589,Chris Davis,SDG,24,cb,12,1,0,0,0,0,1,1,0,0,0,0,,15,13,2,0,0,
590,Alfonzo Dennard,NWE,25,db/rcb,6,4,1,0,0,0,1,0,0,1,0,0,,15,13,2,2,0,
591,Demarcus Dobbs,2TM,27,,10,0,,,,,,,,,,,,19,13,6,2,0,
592,Isaiah Frey,2TM,24,,11,1,0,0,0,0,1,2,0,1,0,0,,26,13,13,1,0,
593,Wes Horton,CAR,25,DE,16,15,0,0,0,0,1,2,0,0,0,0,3.0,29,13,16,4,3,
594,Timmy Jernigan,BAL,22,dt,12,3,,,,,,,,,,,4.0,25,13,12,3,10,
595,Jeron Johnson,SEA,26,cb,15,1,0,0,0,0,1,0,0,1,0,0,,20,13,7,2,0,
596,Ishmaa'ily Kitchen,CLE,26,de,12,3,,,,,,,,,,,,43,13,30,0,1,
597,Sherrod Martin,JAX,30,cb/db,13,2,1,0,0,0,2,1,0,0,0,0,,16,13,3,1,1,
598,Albert McClellan,BAL,28,,16,0,,,,,,1,0,1,0,0,,19,13,6,0,0,
599,William Moore,ATL,29,s,7,7,,,,,,2,0,0,0,0,,25,13,12,0,0,
600,Jamarca Sanford,2TM,29,,9,2,,,,,,,,,,,,16,13,3,2,0,
601,Matt Shaughnessy,ARI,28,lb,8,7,,,,,,,,,,,,18,13,5,3,0,
602,Anthony Sherman,KAN,26,fb,16,6,,,,,,2,0,1,0,0,,13,13,0,0,0,
603,Jacquies Smith,TAM,24,de,15,7,0,0,0,0,2,1,0,1,0,0,6.5,17,13,4,4,12,
604,Anthony Spencer,DAL,30,,13,0,0,0,0,0,1,2,0,1,5,1,0.5,27,13,14,2,7,
605,Shamar Stephen,MIN,23,dt,16,3,,,,,,,,,,,,23,13,10,0,1,
606,Stephon Tuitt,PIT,21,de,16,4,,,,,,1,0,1,0,0,1.0,19,13,6,1,4,
607,Vance Walker,KAN,27,de,16,2,,,,,,,,,,,2.0,17,13,4,3,5,
608,Al Woods,TEN,27,nt,16,1,,,,,,,,,,,1.0,26,13,13,4,1,
609,Kerry Wynn,NYG,23,,5,0,1,7,0,7,1,0,0,1,0,0,1.5,17,13,4,2,3,
610,Marcus Ball,NOR,27,s,12,2,,,,,,0,0,1,0,0,,16,12,4,2,0,
611,Andre Branch,JAX,25,,9,0,0,0,0,0,3,2,0,1,0,0,3.0,18,12,6,2,4,
612,Jarrett Bush,GNB,30,,15,0,0,0,0,0,1,,,,,,,18,12,6,0,0,
613,Don Carey,DET,27,cb/s,13,3,,,,,,0,0,1,40,1,,14,12,2,1,0,
614,Ryan Carrethers,SDG,23,nt,6,1,,,,,,,,,,,,12,12,0,1,0,
615,Stefan Charles,BUF,26,dt,16,1,,,,,,0,0,1,0,0,3.0,23,12,11,4,4,
616,Ego Ferguson,CHI,23,,16,0,0,0,0,0,3,,,,,,2.0,24,12,12,1,1,
617,Dominique Franks,BAL,27,rcb,4,1,0,0,0,0,5,,,,,,,13,12,1,1,0,
618,Khaseem Greene,CHI,25,lb,10,2,,,,,,,,,,,,17,12,5,2,1,
619,,,,,,,,,,,,,,,,,,,,,,,
620,Ra'Shede Hageman,ATL,24,,16,0,,,,,,,,,,,1.0,16,12,4,4,1,
621,DeAngelo Hall,WAS,31,lcb,3,3,,,,,,1,0,1,17,0,,16,12,4,0,0,
622,Tim Jamison,HOU,28,nt,13,1,,,,,,0,0,1,0,0,1.5,19,12,7,1,3,
623,Tony Jerod-Eddie,SFO,24,ldt,16,2,,,,,,,,,,,,20,12,8,5,2,
624,Frank Kearse,WAS,26,,15,0,,,,,,,,,,,3.0,15,12,3,2,4,
625,Steve McLendon,PIT,28,NT,12,11,,,,,,,,,,,1.0,22,12,10,4,2,
626,Spencer Paysinger,NYG,26,lb,15,1,,,,,,,,,,,,15,12,3,0,0,
627,Devin Taylor,DET,25,,16,0,,,,,,,,,,,1.0,16,12,4,2,3,
628,Brandon Thompson,CIN,25,,11,0,,,,,,,,,,,1.0,25,12,13,1,1,
629,Mario Addison,CAR,27,,16,0,,,,,,1,0,2,0,0,6.5,26,11,15,5,14,
630,Lorenzo Alexander,ARI,31,,16,0,,,,,,,,,,,1.0,13,11,2,1,4,
631,Nick Bellore,NYJ,25,,16,0,,,,,,,,,,,,15,11,4,0,0,
632,Nat Berhe,NYG,23,,16,0,,,,,,0,0,1,0,0,,15,11,4,0,0,
633,Da'Quan Bowers,TAM,24,de/dt,11,2,0,0,0,0,1,0,0,1,0,0,1.5,21,11,10,2,3,
634,James Dockery,CAR,26,,7,0,,,,,,,,,,,,11,11,0,1,1,
635,Jonathan Freeny,MIA,25,,12,0,,,,,,,,,,,1.0,15,11,4,1,1,
636,Marqueston Huff,TEN,22,ss,14,1,1,23,1,23,2,,,,,,1.0,18,11,7,1,1,
637,Don Jones,2TM,24,,13,0,,,,,,,,,,,,11,11,0,0,0,
638,Zach Kerr,IND,24,,12,0,0,0,0,0,1,1,0,0,0,0,3.0,16,11,5,2,2,
639,Jeremy Maclin,PHI,26,WR,16,16,,,,,,,,,,,,11,11,0,0,0,
640,Josh Martin,KAN,23,,14,0,,,,,,,,,,,0.5,15,11,4,0,1,
641,Dewey McDonald,IND,24,,12,0,,,,,,,,,,,,13,11,2,0,0,
642,Brandon Mebane,SEA,29,dt/ldt/rdt,9,9,,,,,,,,,,,1.0,20,11,9,5,2,
643,Henry Melton,DAL,28,dt,16,3,0,0,0,0,4,0,0,2,1,0,5.0,15,11,4,6,10,
644,Corey Nelson,DEN,22,,16,0,0,0,0,0,1,,,,,,,18,11,7,0,1,
645,Ryan Pickett,HOU,35,NT,13,13,0,0,0,0,3,,,,,,,20,11,9,0,0,
646,Keith Rivers,BUF,28,lb,12,3,,,,,,,,,,,,16,11,5,3,1,
647,Devon Still,CIN,25,,12,0,,,,,,,,,,,,19,11,8,0,0,
648,Ike Taylor,PIT,34,rcb,5,5,0,0,0,0,2,,,,,,,16,11,5,0,0,
649,Cam Thomas,PIT,28,DE/nt,16,9,,,,,,,,,,,0.5,19,11,8,3,4,
650,,,,,,,,,,,,,,,,,,,,,,,
651,Eric Weems,ATL,29,,16,0,,,,,,1,0,2,0,0,,13,11,2,0,0,
652,Corey Wootton,MIN,27,,15,0,,,,,,,,,,,1.0,16,11,5,1,1,
653,Marvin Austin,DEN,25,,15,0,,,,,,,,,,,,15,10,5,0,0,
654,Stephen Bowen,WAS,30,de,8,3,0,0,0,0,1,,,,,,,11,10,1,0,0,
655,Josh Boyd,GNB,25,de,15,4,0,0,0,0,1,,,,,,,22,10,12,3,1,
656,Terence Garvin,PIT,23,,16,0,,,,,,,,,,,,16,10,6,0,0,
657,Robert Geathers,CIN,31,,16,0,1,2,0,2,3,,,,,,1.0,21,10,11,2,5,
658,Winston Guy,2TM,24,,7,3,0,0,0,0,1,,,,,,1.0,14,10,4,2,1,
659,Dwayne Harris,DAL,27,,16,0,,,,,,0,4,1,0,0,,12,10,2,0,0,
660,Montori Hughes,IND,24,nt,12,1,0,0,0,0,1,0,0,2,0,0,,15,10,5,1,0,
661,Andrew Jackson,IND,22,,13,0,,,,,,,,,,,1.0,13,10,3,3,1,
662,Markus Kuhn,NYG,28,ldt,14,1,,,,,,0,0,1,26,1,1.0,19,10,9,1,1,
663,Sherrick McManis,CHI,27,,12,0,,,,,,0,0,1,0,0,,12,10,2,0,1,
664,Ashlee Palmer,DET,28,lb,16,5,0,0,0,0,2,,,,,,1.5,14,10,4,1,2,
665,Tyler Patmon,DAL,23,,11,0,1,58,1,58,1,,,,,,,11,10,1,1,0,
666,Kevin Pierre-Louis,SEA,23,,7,0,,,,,,0,0,1,0,0,,13,10,3,1,0,
667,Ty Powell,BUF,26,,14,0,0,0,0,0,1,,,,,,1.0,14,10,4,2,4,
668,Darryl Sharpton,CHI,26,lb,5,2,0,0,0,0,1,,,,,,,15,10,5,0,2,
669,Aldon Smith,SFO,25,lb,7,6,,,,,,,,,,,2.0,15,10,5,4,7,
670,Zach Sudfeld,NYJ,25,fb/te,16,3,,,,,,,,,,,,15,10,5,0,0,
671,Dekoda Watson,2TM,26,,10,1,,,,,,,,,,,,15,10,5,0,1,
672,Steve Williams,SDG,23,,13,0,0,0,0,0,2,,,,,,,10,10,0,0,0,
673,Jarius Wynn,BUF,28,dt,11,1,0,0,0,0,2,0,0,1,0,0,2.0,17,10,7,2,5,
674,Javier Arenas,ATL,27,,6,0,0,0,0,0,1,,,,,,,9,9,0,0,0,
675,Denico Autry,OAK,24,,10,0,,,,,,,,,,,,13,9,4,3,1,
676,Daren Bates,STL,24,,14,0,,,,,,,,,,,,10,9,1,0,0,
677,Brock Coyle,SEA,24,mlb,15,2,,,,,,,,,,,,13,9,4,0,0,
678,Kenny Demens,ARI,24,,14,0,,,,,,1,0,0,0,0,,9,9,0,0,0,
679,Pierre Desir,CLE,24,lcb,5,1,0,0,0,0,2,,,,,,,9,9,0,0,0,
680,Kony Ealy,CAR,23,,15,0,,,,,,1,0,0,0,0,4.0,16,9,7,3,6,
681,,,,,,,,,,,,,,,,,,,,,,,
682,Marcus Easley,BUF,27,,10,0,,,,,,,,,,,,11,9,2,0,0,
683,Andre Fluellen,DET,29,,8,0,,,,,,0,0,1,0,0,2.0,10,9,1,5,4,
684,James Hanna,DAL,25,TE,16,12,,,,,,,,,,,,9,9,0,0,0,
685,Duron Harmon,NWE,23,,16,0,1,60,0,60,1,0,0,1,-1,0,,13,9,4,0,0,
686,Brandon Harris,TEN,24,,11,0,0,0,0,0,3,,,,,,,11,9,2,0,0,
687,Josh Hill,NOR,24,te,16,3,,,,,,,,,,,,11,9,2,0,0,
688,Tyson Jackson,ATL,28,de/DT,16,16,0,0,0,0,3,,,,,,,22,9,13,2,2,
689,Jarvis Jones,PIT,25,rolb,7,3,,,,,,1,0,0,0,0,2.0,18,9,9,2,3,
690,Demarcus Lawrence,DAL,22,,7,0,,,,,,1,1,2,0,0,,12,9,3,2,0,
691,Benson Mayowa,OAK,23,de,16,1,0,0,0,0,1,,,,,,1.0,14,9,5,3,2,
692,Taylor Mays,CIN,26,,16,0,,,,,,,,,,,1.0,11,9,2,1,2,1
693,Kelcie McCray,KAN,26,,16,0,,,,,,,,,,,,11,9,2,0,1,
694,Keith McGill,OAK,25,rcb,12,1,0,0,0,0,1,0,0,1,18,1,,9,9,0,0,0,
695,Marlon Moore,CLE,27,,13,0,,,,,,1,0,1,0,0,,9,9,0,0,0,
696,Tenny Palepoi,SDG,24,,16,0,,,,,,,,,,,,16,9,7,4,1,
697,Jabari Price,MIN,21,,14,0,,,,,,,,,,,,10,9,1,0,0,
698,Marcus Roberson,STL,22,rcb,9,2,1,18,0,18,1,,,,,,,10,9,1,1,0,
699,R.J. Stanford,MIA,26,cb,5,1,1,0,0,0,2,,,,,,,12,9,3,1,0,
700,Adam Thielen,MIN,24,wr,16,2,,,,,,,,,,,,12,9,3,0,0,
701,Danny Trevathan,DEN,24,lb,3,1,,,,,,,,,,,,11,9,2,0,0,
702,Osi Umenyiora,ATL,33,,16,0,0,0,0,0,1,0,0,1,86,1,2.5,12,9,3,2,9,
703,Kevin Vickerson,KAN,31,,15,1,0,0,0,0,1,,,,,,,12,9,3,4,2,
704,Jeremiah Attaochu,SDG,21,,11,0,0,0,0,0,1,1,0,0,0,0,2.0,10,8,2,1,2,
705,Marcus Benard,ARI,29,,12,0,,,,,,,,,,,1.0,10,8,2,1,2,
706,Chase Blackburn,CAR,31,lb,6,2,,,,,,1,0,0,0,0,,12,8,4,0,1,
707,Jaron Brown,ARI,24,wr,16,2,,,,,,0,1,0,0,0,,9,8,1,0,0,
708,Brodrick Bunkley,NOR,31,NT,11,11,,,,,,,,,,,,17,8,9,0,0,
709,Glenn Carson,ARI,24,,5,0,,,,,,,,,,,,12,8,4,0,0,
710,Larry Dean,BUF,26,,13,0,,,,,,,,,,,,10,8,2,0,0,
711,Brandon Dixon,TAM,24,,14,0,1,0,0,0,2,,,,,,,9,8,1,1,0,
712,,,,,,,,,,,,,,,,,,,,,,,
713,Nick Fairley,DET,26,DT,8,8,,,,,,1,0,0,0,0,1.0,14,8,6,3,5,
714,Terrence Fede,MIA,23,,11,0,,,,,,,,,,,1.0,10,8,2,1,1,1
715,T.J. Graham,NYJ,25,,12,0,,,,,,0,0,3,0,0,,11,8,3,0,0,
716,Adam Hayward,WAS,30,,11,0,,,,,,,,,,,,12,8,4,0,0,
717,Jayron Hosley,NYG,24,cb/db,6,2,0,0,0,0,1,,,,,,,8,8,0,0,0,
718,Lamarr Houston,CHI,27,DE,8,8,0,0,0,0,1,0,0,1,0,0,1.0,11,8,3,3,6,
719,Cullen Jenkins,NYG,33,de/ldt,12,11,0,0,0,0,1,0,0,1,0,0,1.0,16,8,8,3,6,
720,Nico Johnson,2TM,24,,11,2,,,,,,0,0,1,0,0,,16,8,8,2,1,
721,Brett Keisel,PIT,36,de/nt,12,4,1,16,0,16,5,,,,,,1.0,17,8,9,1,5,
722,Cordarro Law,SDG,26,,3,0,0,0,0,0,1,,,,,,1.0,9,8,1,2,1,
723,Cameron Lawrence,DAL,23,,16,0,,,,,,,,,,,1.0,16,8,8,1,1,
724,Kaluka Maiava,OAK,27,lb,4,2,,,,,,,,,,,,15,8,7,1,0,
725,Kareem Martin,ARI,22,de,11,2,0,0,0,0,1,1,0,0,0,0,1.0,8,8,0,0,1,
726,L.J. McCray,SFO,23,,14,0,,,,,,,,,,,,10,8,2,0,0,
727,Jamize Olawale,OAK,25,,16,0,,,,,,1,0,0,0,0,,8,8,0,0,0,
728,Mike Pennel,GNB,23,,13,0,,,,,,,,,,,,9,8,1,1,2,
729,Senorise Perry,CHI,23,,16,0,,,,,,2,0,0,0,0,,10,8,2,0,0,
730,John Phillips,SDG,27,te,16,1,,,,,,,,,,,,10,8,2,0,0,
731,Chris Prosinski,2TM,27,,11,0,,,,,,,,,,,,12,8,4,1,0,
732,Joseph Randle,DAL,23,,16,0,,,,,,0,2,0,0,0,,8,8,0,0,0,
733,Trevor Reilly,NYJ,26,,14,0,,,,,,,,,,,,15,8,7,0,0,
734,Marcus Sherels,MIN,27,,16,0,,,,,,1,0,0,0,0,,9,8,1,0,0,
735,Andy Studebaker,IND,29,lb,13,1,,,,,,1,0,1,0,0,,16,8,8,1,1,
736,Nathan Stupar,ATL,26,,15,0,,,,,,,,,,,,10,8,2,0,0,
737,Keith Tandy,TAM,25,,15,0,1,3,0,3,1,,,,,,,8,8,0,0,0,
738,Jeff Tarpinian,HOU,27,,14,0,,,,,,1,0,0,0,0,,13,8,5,0,0,
739,Adarius Taylor,CAR,24,lb,10,2,,,,,,1,0,0,0,0,,13,8,5,,,
740,Charles Tillman,CHI,33,rcb,2,2,0,0,0,0,1,,,,,,,8,8,0,0,1,
741,Frank Zombo,KAN,27,,16,0,,,,,,0,0,2,0,0,,8,8,0,0,0,
742,Beau Allen,PHI,23,,16,0,,,,,,,,,,,0.5,10,7,3,0,2,
743,,,,,,,,,,,,,,,,,,,,,,,
744,Tramaine Brock,SFO,26,lcb,3,2,,,,,,,,,,,,7,7,0,0,0,
745,Corbin Bryant,BUF,26,,16,0,0,0,0,0,1,1,0,0,0,0,1.5,14,7,7,1,4,
746,James Casey,PHI,30,te,16,2,,,,,,,,,,,,9,7,2,0,0,
747,Jayson DiManche,CIN,24,lb,12,1,,,,,,1,0,0,0,0,,11,7,4,1,1,
748,Nate Ebner,NWE,26,,12,0,,,,,,,,,,,,10,7,3,0,0,
749,Larry English,TAM,28,de,12,1,,,,,,1,0,0,0,0,1.0,12,7,5,0,3,
750,Marquis Flowers,CIN,22,lb,16,1,0,0,0,0,1,,,,,,,13,7,6,0,0,
751,Dwight Freeney,SDG,34,LB,16,9,0,0,0,0,1,0,0,1,0,0,3.5,11,7,4,3,8,
752,Kedric Golston,WAS,31,,11,0,,,,,,,,,,,,7,7,0,0,0,
753,John Hughes,CLE,26,de/nt,5,3,0,0,0,0,1,,,,,,,17,7,10,0,1,
754,Corey Lemonier,SFO,23,,16,0,,,,,,,,,,,,10,7,3,0,1,
755,Ricardo Lockette,SEA,28,,16,0,,,,,,1,0,0,0,0,,8,7,1,0,0,
756,Brandon Magee,TAM,24,,9,0,,,,,,,,,,,,7,7,0,0,0,
757,Mike Martin,TEN,24,de,12,3,,,,,,,,,,,,13,7,6,0,1,
758,Cliff Matthews,ATL,25,,7,0,,,,,,,,,,,,9,7,2,0,2,
759,Mike Morgan,SEA,26,,16,0,,,,,,,,,,,,10,7,3,1,0,
760,Zach Orr,BAL,22,,15,0,,,,,,,,,,,,11,7,4,0,0,
761,John Simon,2TM,24,,11,0,0,0,0,0,1,,,,,,1.5,12,7,5,2,6,
762,Keith Smith,DAL,22,,10,0,,,,,,1,0,0,0,0,,8,7,1,0,0,
763,Quanterus Smith,DEN,25,,15,0,0,0,0,0,2,,,,,,,11,7,4,2,1,
764,Scott Solomon,2TM,26,,8,0,,,,,,2,0,1,0,0,2.0,14,7,7,2,2,
765,Will Ta'ufo'ou,JAX,28,fb,16,4,,,,,,,,,,,,8,7,1,0,0,
766,Shamarko Thomas,PIT,23,,11,0,,,,,,1,0,0,0,0,,7,7,0,0,0,
767,Neiko Thorpe,OAK,24,,14,0,0,0,0,0,1,,,,,,,8,7,1,0,0,
768,DeAngelo Tyson,BAL,25,de,11,4,,,,,,0,0,2,0,0,1.0,21,7,14,2,3,
769,Ross Ventrone,PIT,28,,9,0,,,,,,,,,,,,9,7,2,0,0,
770,Casey Walker,3TM,25,,6,1,,,,,,,,,,,1.0,11,7,4,2,1,
771,Reggie Walker,SDG,28,,11,0,,,,,,,,,,,0.5,12,7,5,0,2,
772,Chris White,NWE,25,,13,0,,,,,,,,,,,,11,7,4,0,0,
773,Jason Williams,2TM,28,,14,0,,,,,,,,,,,,11,7,4,0,0,
774,,,,,,,,,,,,,,,,,,,,,,,
775,Lamin Barrow,DEN,24,mlb,16,1,,,,,,,,,,,,9,6,3,0,0,
776,David Bass,CHI,24,de,8,1,,,,,,1,0,0,0,0,3.0,10,6,4,2,4,
777,Jon Beason,NYG,29,mlb,4,4,0,0,0,0,1,,,,,,,11,6,5,1,1,
778,Brandon Bolden,NWE,24,rb,16,2,,,,,,1,0,0,0,0,,8,6,2,0,0,
779,Bryan Braman,PHI,27,,16,0,,,,,,,,,,,,6,6,0,0,0,
780,Everette Brown,WAS,27,,6,0,,,,,,,,,,,,8,6,2,0,1,
781,Tank Carder,CLE,25,,16,0,,,,,,,,,,,,10,6,4,0,0,1
782,Chance Casey,2TM,23,,2,1,0,0,0,0,1,,,,,,,7,6,1,0,0,
783,Jed Collins,DET,28,fb,16,2,,,,,,0,0,1,0,0,,6,6,0,0,0,
784,Chris Cook,SFO,27,,6,0,0,0,0,0,1,,,,,,,6,6,0,0,0,
785,Jack Crawford,DAL,26,,6,0,,,,,,1,0,0,0,0,2.0,8,6,2,2,1,
786,Akeem Davis,WAS,25,,13,0,,,,,,,,,,,,11,6,5,0,0,
787,Cody Davis,STL,25,,15,0,,,,,,0,0,1,1,0,,9,6,3,0,0,
788,Dominique Easley,NWE,22,de,11,2,1,0,0,0,1,,,,,,1.0,9,6,3,2,3,
789,Bojay Filimoeatu,OAK,25,,8,0,,,,,,,,,,,,8,6,2,1,0,
790,Sione Fua,CLE,26,,11,0,,,,,,,,,,,,12,6,6,0,0,
791,Robert Golden,PIT,24,,16,0,,,,,,0,0,1,0,1,,10,6,4,0,0,
792,Malliciah Goodman,ATL,24,DE/lb,16,10,,,,,,2,0,0,0,0,,17,6,11,1,1,
793,Dan Herron,IND,25,rb,16,3,,,,,,0,4,0,0,0,,8,6,2,0,0,
794,Jordan Kovacs,2TM,24,,8,0,,,,,,,,,,,,7,6,1,0,0,
795,Al Louis-Jean,CHI,21,,9,0,,,,,,,,,,,,9,6,3,0,0,
796,Ricky Lumpkin,OAK,26,,5,0,,,,,,,,,,,1.0,9,6,3,1,1,
797,Elbert Mack,HOU,28,,8,0,,,,,,,,,,,,6,6,0,0,0,
798,Kassim Osgood,SFO,34,,13,0,,,,,,,,,,,,6,6,0,0,0,
799,Jerrell Powe,HOU,27,dt/nt,16,3,0,0,0,0,1,,,,,,,10,6,4,1,0,
800,Loucheiz Purifoy,IND,22,,11,0,0,0,0,0,1,1,0,0,0,0,,7,6,1,0,0,
801,Deontae Skinner,NWE,24,lb,7,1,,,,,,,,,,,1.0,16,6,10,1,1,
802,Daniel Sorensen,KAN,24,,9,0,,,,,,,,,,,,7,6,1,0,0,
803,Ed Stinson,ARI,24,de/nt,10,2,0,0,0,0,1,,,,,,,9,6,3,0,3,
804,Phil Taylor,CLE,26,de,5,4,0,0,0,0,1,,,,,,,10,6,4,2,0,
805,,,,,,,,,,,,,,,,,,,,,,,
806,Kyle Van Noy,DET,23,,8,0,,,,,,,,,,,,6,6,0,1,0,
807,Cornelius Washington,CHI,25,,13,0,,,,,,,,,,,1.0,9,6,3,2,2,
808,Shawn Williams,CIN,23,,16,0,,,,,,0,0,1,0,0,,11,6,5,0,0,
809,Earl Wolff,PHI,25,s,7,1,0,0,0,0,1,,,,,,,7,6,1,0,0,
810,James Wright,CIN,23,,11,0,,,,,,1,0,0,0,0,,6,6,0,0,0,
811,Keenan Allen,SDG,22,WR,14,14,,,,,,0,2,0,0,0,,5,5,0,0,0,
812,James Anderson,TEN,31,,7,0,,,,,,,,,,,,6,5,1,0,0,
813,Johnson Bademosi,CLE,24,,14,0,,,,,,,,,,,,12,5,7,0,0,
814,Antwan Barnes,NYJ,30,,5,0,,,,,,,,,,,,6,5,1,0,1,
815,Matthew Bosher,ATL,27,P,16,0,,,,,,,,,,,,5,5,0,0,0,
816,Beau Brinkley,TEN,24,,16,0,,,,,,,,,,,,6,5,1,0,0,
817,Donald Brown,SDG,27,rb,13,3,,,,,,0,1,0,0,0,,5,5,0,0,0,
818,Armonty Bryant,CLE,24,,5,2,,,,,,,,,,,1.0,11,5,6,1,2,
819,Tony Carter,DEN,28,,8,0,0,0,0,0,1,0,0,1,20,1,,5,5,0,0,0,
820,Jamar Chaney,OAK,28,,9,0,,,,,,,,,,,,5,5,0,0,0,
821,Morris Claiborne,DAL,24,db/rcb,4,3,1,-8,0,-8,2,,,,,,,7,5,2,0,1,
822,Jadeveon Clowney,HOU,21,lb,4,2,,,,,,,,,,,,7,5,2,3,0,
823,Barry Cofield,WAS,30,nt,8,3,,,,,,,,,,,1.0,7,5,2,2,2,
824,Zak DeOssie,NYG,30,,16,0,,,,,,0,1,0,-25,0,,8,5,3,0,0,
825,Julian Edelman,NWE,28,WR,14,13,,,,,,0,5,3,0,0,,5,5,0,0,0,
826,T.J. Fatinikun,TAM,23,,10,0,,,,,,,,,,,0.5,9,5,4,1,1,
827,Chandler Fenner,NYG,24,,11,0,,,,,,,,,,,,7,5,2,0,0,
828,Toby Gerhart,JAX,27,fb/rb,14,7,,,,,,0,1,1,0,0,,5,5,0,0,0,
829,Demetri Goodson,GNB,25,,6,0,,,,,,,,,,,,6,5,1,0,0,
830,Jonathan Grimes,HOU,25,,16,0,,,,,,,,,,,,6,5,1,0,0,
831,Junior Hemingway,KAN,26,wr,14,1,,,,,,,,,,,,5,5,0,0,0,
832,Darrius Heyward-Bey,PIT,27,wr,16,1,,,,,,1,1,0,0,0,,9,5,4,0,0,
833,Jeremy Hill,CIN,22,RB,16,8,,,,,,0,5,0,0,0,,5,5,0,0,0,
834,Margus Hunt,CIN,27,,12,0,0,0,0,0,1,,,,,,1.0,9,5,4,2,1,
835,Ben Jacobs,CAR,26,,16,0,0,0,0,0,1,,,,,,,9,5,4,0,1,
836,,,,,,,,,,,,,,,,,,,,,,,
837,DaQuan Jones,TEN,23,de,7,1,,,,,,1,0,0,0,0,1.0,8,5,3,1,2,
838,Brian Leonhardt,OAK,24,te,12,3,,,,,,1,0,0,0,0,,5,5,0,0,0,
839,Chris Long,STL,29,de,6,6,,,,,,0,0,1,0,0,1.0,5,5,0,3,1,
840,Lerentee McCray,DEN,24,,13,0,0,0,0,0,1,1,0,0,0,0,1.0,8,5,3,0,2,
841,Leon McFadden,SFO,24,,7,0,0,0,0,0,1,,,,,,,6,5,1,0,0,
842,Dee Milliner,NYJ,23,cb,3,2,0,0,0,0,2,,,,,,,6,5,1,0,0,
843,Jeoffrey Pagan,HOU,21,,16,0,,,,,,,,,,,,10,5,5,1,0,
844,Niles Paul,WAS,25,te/wr,16,7,,,,,,0,1,1,0,0,,6,5,1,0,0,
845,Eddie Pleasant,HOU,26,,14,0,0,0,0,0,1,,,,,,,6,5,1,0,0,
846,Mohammed Seisay,DET,24,,13,0,,,,,,,,,,,,7,5,2,1,0,
847,Brad Smith,PHI,31,,13,0,,,,,,0,0,1,6,0,,5,5,0,0,0,
848,Brynden Trawick,BAL,25,,14,0,,,,,,,,,,,,7,5,2,0,2,
849,Trevardo Williams,2TM,24,,3,0,,,,,,,,,,,1.0,5,5,0,1,1,
850,Kamar Aiken,BAL,25,,16,0,,,,,,,,,,,,7,4,3,0,0,
851,Maurice Alexander,STL,23,,9,0,,,,,,,,,,,,4,4,0,0,0,
852,Jackie Battle,TEN,31,fb,16,1,,,,,,,,,,,,5,4,1,0,0,
853,Will Beatty,NYG,29,LT,16,16,,,,,,,,,,,,4,4,0,0,0,
854,Ken Bishop,DAL,24,,3,0,,,,,,,,,,,,7,4,3,0,0,
855,Jarrett Boykin,GNB,25,wr,13,3,,,,,,2,0,0,0,0,,5,4,1,1,0,
856,Marlon Brown,BAL,23,wr,14,1,,,,,,,,,,,,5,4,1,0,0,
857,Trey Burton,PHI,23,,15,0,,,,,,,,,,,,4,4,0,0,0,
858,Andre Caldwell,DEN,29,wr,16,2,,,,,,0,0,2,0,0,,5,4,1,0,0,
859,Scott Chandler,BUF,29,te,16,5,,,,,,,,,,,,4,4,0,0,0,
860,Riley Cooper,PHI,27,WR,16,16,,,,,,0,1,0,0,0,,4,4,0,0,0,
861,Marcus Cromartie,SFO,24,,3,0,0,0,0,0,1,,,,,,,4,4,0,0,0,
862,Benny Cunningham,STL,24,rb,16,2,,,,,,0,2,1,0,0,,4,4,0,0,0,
863,Orleans Darkwa,2TM,22,,11,0,,,,,,1,0,0,0,0,,7,4,3,0,0,
864,Brandon Deaderick,NOR,27,de,13,2,,,,,,,,,,,,8,4,4,0,0,
865,Jonathan Dowling,OAK,23,,7,0,,,,,,,,,,,,4,4,0,0,0,
866,Kenrick Ellis,NYJ,27,,14,0,,,,,,,,,,,1.0,12,4,8,1,1,
867,,,,,,,,,,,,,,,,,,,,,,,
868,Mike Evans,TAM,21,WR,15,15,,,,,,,,,,,,4,4,0,0,0,
869,Antone Exum,MIN,23,,14,0,,,,,,0,0,1,0,0,,6,4,2,0,0,
870,Jerry Franklin,2TM,26,,11,0,,,,,,,,,,,,4,4,0,0,0,
871,Clifton Geathers,2TM,27,,9,0,,,,,,,,,,,,5,4,1,2,1,
872,Jeremiah George,JAX,22,,6,0,,,,,,,,,,,,6,4,2,1,0,
873,Brandon Ghee,TEN,27,cb,6,1,1,0,0,0,1,,,,,,,4,4,0,0,0,
874,Ladarius Green,SDG,24,te,14,4,,,,,,,,,,,,4,4,0,0,0,
875,Derek Hagan,TEN,30,wr,16,3,,,,,,,,,,,,5,4,1,0,0,
876,Saalim Hakim,NYJ,24,,16,0,,,,,,,,,,,,8,4,4,0,0,
877,Andrew Hawkins,CLE,28,WR,15,15,,,,,,,,,,,,4,4,0,0,0,
878,Will Herring,STL,31,,12,0,,,,,,,,,,,,4,4,0,0,0,
879,Ryan Hewitt,CIN,23,fb/RB,16,11,,,,,,,,,,,,5,4,1,0,0,
880,Peyton Hillis,NYG,28,,9,0,,,,,,,,,,,,6,4,2,0,0,
881,Vincent Jackson,TAM,31,WR,16,16,,,,,,0,1,0,0,0,,4,4,0,0,0,
882,John Jerry,NYG,28,RG,16,16,,,,,,0,0,1,0,0,,4,4,0,0,0,
883,Andre Johnson,HOU,33,WR,15,15,,,,,,0,3,0,0,0,,4,4,0,0,0,
884,Derrick Johnson,KAN,32,rilb,1,1,,,,,,,,,,,,4,4,0,0,0,
885,Kyle Juszczyk,BAL,23,FB,16,14,,,,,,0,3,0,0,0,,8,4,4,0,0,
886,Ryan Kalil,CAR,29,C,16,16,,,,,,0,1,0,0,0,,5,4,1,0,0,
887,Jarvis Landry,MIA,22,WR,16,11,,,,,,0,7,2,0,0,,4,4,0,0,0,
888,Cullen Loeffler,MIN,33,,16,0,,,,,,,,,,,,4,4,0,0,0,
889,Kyle Long*,CHI,26,RG,15,15,,,,,,,,,,,,4,4,0,0,0,
890,Brandon Marshall,CHI,30,WR,13,13,,,,,,1,1,1,0,0,,4,4,0,0,0,
891,Josh Mauro,2TM,23,,5,2,0,0,0,0,1,,,,,,,6,4,2,1,0,
892,Michael Mauti,MIN,24,,9,0,,,,,,,,,,,,5,4,1,0,0,
893,Chris McCain,MIA,23,,10,0,,,,,,,,,,,1.0,4,4,0,3,1,
894,Heath Miller,PIT,32,TE,16,16,,,,,,0,2,0,0,0,,4,4,0,0,0,
895,Chase Minnifield,WAS,25,cb,7,1,,,,,,,,,,,,4,4,0,0,0,
896,Dontay Moch,TEN,26,,3,0,0,0,0,0,1,,,,,,,4,4,0,0,1,
897,Henoc Muamba,IND,25,,13,0,,,,,,,,,,,,6,4,2,0,0,
898,,,,,,,,,,,,,,,,,,,,,,,
899,Latavius Murray,OAK,24,rb,15,3,,,,,,0,1,0,0,0,,4,4,0,0,0,
900,Chris Polk,PHI,25,,14,0,,,,,,0,1,0,0,0,,5,4,1,0,0,
901,Bilal Powell,NYJ,26,rb,15,1,,,,,,1,0,0,0,0,,6,4,2,0,0,
902,Bobby Rainey,TAM,27,rb,15,5,,,,,,0,3,0,0,0,,5,4,1,0,0,
903,Manuel Ramirez,DEN,31,C/RG,16,16,,,,,,,,,,,,4,4,0,0,0,
904,Silas Redd,WAS,22,,15,0,,,,,,0,1,0,0,0,,5,4,1,0,0,
905,Marcel Reece*,OAK,29,FB,15,15,,,,,,0,1,0,0,0,,5,4,1,0,0,
906,Cecil Shorts,JAX,27,WR,13,12,,,,,,0,1,0,0,0,,4,4,0,0,0,
907,Luke Stocker,TAM,26,te/wr,13,7,,,,,,1,0,0,0,0,,4,4,0,0,0,
908,Jacob Tamme,DEN,29,,15,0,,,,,,0,1,1,0,0,,4,4,0,0,0,
909,Jordan Todman,JAX,24,rb,16,1,,,,,,,,,,,,7,4,3,0,0,
910,Joe Vellano,NWE,26,dt,5,1,,,,,,,,,,,1.0,7,4,3,1,1,
911,Trey Watts,STL,23,,14,0,,,,,,,,,,,,5,4,1,0,0,
912,Damien Williams,MIA,22,,16,0,,,,,,1,0,0,0,0,,4,4,0,0,0,
913,Luke Willson,SEA,24,TE,15,10,,,,,,0,0,1,0,0,,4,4,0,0,0,
914,C.J. Wilson,TAM,25,,2,0,,,,,,,,,,,,4,4,0,0,0,
915,Darrel Young,WAS,27,FB,16,10,,,,,,0,0,2,0,0,,5,4,1,0,0,
916,Stedman Bailey,STL,24,wr,14,3,,,,,,1,0,0,0,0,,3,3,0,0,0,
917,Odell Beckham*,NYG,22,WR,12,11,,,,,,0,1,0,0,0,,3,3,0,0,0,
918,Le'Veon Bell*+,PIT,22,RB,16,16,,,,,,,,,,,,3,3,0,0,0,
919,Alfred Blue,HOU,23,rb,16,3,,,,,,0,0,2,0,0,,4,3,1,0,0,
920,Clint Boling,CIN,25,LG/rt/t,16,16,,,,,,0,0,2,0,0,,3,3,0,0,0,
921,Brandon Bostick,GNB,25,,13,0,,,,,,,,,,,,5,3,2,0,0,
922,Josh Brent,DAL,26,,1,0,,,,,,,,,,,,4,3,1,,,
923,Aaron Brewer,DEN,24,,16,0,,,,,,,,,,,,3,3,0,0,0,
924,Richie Brockel,CAR,28,,4,0,,,,,,,,,,,,3,3,0,0,0,
925,John Brown,ARI,24,wr,16,5,,,,,,0,0,1,0,0,,3,3,0,0,0,
926,Josh Bush,2TM,25,,5,0,1,5,0,5,1,,,,,,,3,3,0,0,0,
927,Travaris Cadet,NOR,25,rb,15,1,,,,,,0,2,0,0,0,,3,3,0,0,0,
928,Jeremy Cain,CHI,34,,16,0,,,,,,,,,,,,4,3,1,0,0,
929,,,,,,,,,,,,,,,,,,,,,,,
930,Tommie Campbell,JAX,27,,7,0,,,,,,,,,,,,5,3,2,0,0,
931,Derek Carrier,SFO,24,te,11,1,,,,,,0,1,1,0,0,,3,3,0,0,0,
932,Davon Coleman,DAL,23,dt,2,1,,,,,,,,,,,,3,3,0,0,0,
933,Tom Compton,WAS,25,rg/RT,16,9,,,,,,,,,,,,5,3,2,0,0,
934,Josh Cribbs,IND,31,,6,0,,,,,,0,3,0,0,0,,4,3,1,0,0,
935,Ja'Gared Davis,3TM,24,,7,0,,,,,,,,,,,,5,3,2,0,0,
936,Andrew DePaola,TAM,27,,16,0,,,,,,,,,,,,4,3,1,0,0,
937,Zach Diles,2TM,29,,5,0,,,,,,,,,,,,3,3,0,0,0,
938,Patrick DiMarco,ATL,25,fb,16,7,,,,,,0,0,1,0,0,,4,3,1,0,0,
939,Rhett Ellison,MIN,26,TE,16,13,,,,,,,,,,,,3,3,0,0,0,
940,Coby Fleener,IND,26,TE,16,12,,,,,,,,,,,,4,3,1,0,0,
941,Darius Fleming,NWE,25,,5,0,,,,,,0,0,1,0,0,,8,3,5,0,0,
942,Dee Ford,KAN,23,,16,0,0,0,0,0,1,,,,,,1.5,7,3,4,1,5,
943,Matt Forte,CHI,29,RB,16,16,,,,,,0,2,0,0,0,,3,3,0,0,0,
944,Travis Frederick*,DAL,23,C,16,16,,,,,,,,,,,,3,3,0,0,0,
945,Devonta Freeman,ATL,22,,16,0,,,,,,0,1,0,0,0,,4,3,1,0,0,
946,Cyrus Gray,KAN,25,,9,0,,,,,,,,,,,,4,3,1,0,0,
947,Virgil Green,DEN,26,TE,13,9,,,,,,,,,,,,5,3,2,0,0,
948,Greg Hardy,CAR,26,de,1,1,,,,,,1,0,0,0,0,1.0,4,3,1,0,1,
949,Jeremy Harris,JAX,23,,6,0,,,,,,,,,,,,5,3,2,0,0,
950,Josh Harris,ATL,25,,16,0,,,,,,,,,,,,5,3,2,0,0,
951,Ryan Harris,KAN,29,RT,16,15,,,,,,,,,,,,3,3,0,0,0,
952,Roy Helu,WAS,26,,14,0,,,,,,0,2,1,0,0,,3,3,0,0,0,
953,Robert Hughes,ARI,25,fb/rb,16,4,,,,,,0,0,1,0,0,,4,3,1,0,0,
954,Greg Jennings,MIN,31,WR,16,13,,,,,,0,1,0,0,0,,3,3,0,0,0,
955,Austin Johnson,NOR,25,fb,7,1,,,,,,,,,,,,3,3,0,0,0,
956,Will Johnson,PIT,25,fb,16,5,,,,,,,,,,,,4,3,1,0,0,
957,Ben Jones,HOU,25,LG,16,16,,,,,,,,,,,,3,3,0,0,0,
958,Julio Jones*,ATL,25,WR,15,15,0,0,0,0,1,0,2,1,0,0,,3,3,0,0,0,
959,Jermaine Kearse,SEA,24,WR,15,14,,,,,,1,0,0,0,0,,3,3,0,0,0,
960,,,,,,,,,,,,,,,,,,,,,,,
961,Kenny Ladler,BUF,22,,2,0,,,,,,,,,,,,4,3,1,0,0,
962,Ronald Leary,DAL,25,LG,15,15,,,,,,,,,,,,3,3,0,0,0,
963,Corey Linsley,GNB,23,C,16,16,,,,,,0,1,0,0,0,,3,3,0,0,0,
964,Lance Louis,IND,29,lg/rg,9,7,,,,,,,,,,,,4,3,1,0,0,
965,Andrew Luck*,IND,25,QB,16,16,,,,,,0,13,4,-30,0,,5,3,2,0,0,
966,Rishard Matthews,MIA,25,,14,0,,,,,,0,1,0,0,0,,4,3,1,0,0,
967,Marshall McFadden,STL,28,,5,0,,,,,,,,,,,,4,3,1,0,0,
968,Brandon McGee,STL,24,,2,0,,,,,,,,,,,,4,3,1,0,0,
969,Robert Meachem,NOR,30,wr,11,2,,,,,,,,,,,,3,3,0,0,0,
970,Donte Moncrief,IND,21,wr,16,2,,,,,,,,,,,,3,3,0,0,0,
971,Kyle Nelson,SFO,28,,16,0,,,,,,,,,,,,3,3,0,0,0,
972,Cam Newton,CAR,25,QB,14,14,,,,,,0,12,3,-13,0,,3,3,0,0,0,
973,Patrick Omameh,TAM,25,RG,16,16,,,,,,,,,,,,3,3,0,0,0,
974,Matt Overton,IND,29,,16,0,,,,,,,,,,,,3,3,0,0,0,
975,Preston Parker,NYG,27,wr,16,7,,,,,,0,2,0,0,0,,3,3,0,0,0,
976,Logan Paulsen,WAS,27,TE/wr,16,12,,,,,,0,1,0,0,0,,3,3,0,0,0,
977,Tracy Porter,WAS,28,rcb,3,1,0,0,0,0,1,,,,,,,5,3,2,0,0,
978,Jordan Reed,WAS,24,te,11,2,,,,,,0,1,1,0,0,,3,3,0,0,0,
979,Theo Riddick,DET,23,rb,14,2,,,,,,,,,,,,3,3,0,0,0,
980,Andre Roberts,WAS,26,wr,16,4,,,,,,0,4,2,0,0,,3,3,0,0,0,
981,Denard Robinson,JAX,24,RB,13,9,,,,,,0,2,0,0,0,,3,3,0,0,0,
982,Jacquizz Rodgers,ATL,24,rb,16,1,,,,,,1,1,2,0,0,,3,3,0,0,0,
983,Colton Schmidt,BUF,24,P,16,0,,,,,,,,,,,,3,3,0,0,0,
984,Brian Schwenke,TEN,23,C,11,11,,,,,,0,1,0,0,0,,3,3,0,0,0,
985,Chris Smith,JAX,22,,7,0,,,,,,1,0,0,0,0,3.0,5,3,2,1,4,
986,Steve Smith,BAL,35,WR,16,16,,,,,,0,1,0,0,0,,3,3,0,0,0,
987,Matthew Stafford*,DET,26,QB,16,16,,,,,,0,10,3,-5,0,,3,3,0,0,0,
988,Jeremy Stewart,DEN,25,,6,0,,,,,,,,,,,,3,3,0,0,0,
989,Caleb Sturgis,MIA,25,K,16,0,,,,,,,,,,,,3,3,0,0,0,
990,Vinnie Sunseri,NOR,23,,9,0,,,,,,,,,,,,5,3,2,0,0,
991,,,,,,,,,,,,,,,,,,,,,,,
992,Lorenzo Taliaferro,BAL,23,,13,0,,,,,,0,1,0,0,0,,4,3,1,0,0,
993,Ryan Tannehill,MIA,26,QB,16,16,,,,,,0,10,4,-4,0,,3,3,0,0,0,
994,Golden Tate*,DET,26,WR,16,16,,,,,,0,1,0,0,0,,3,3,0,0,0,
995,Stepfan Taylor,ARI,23,rb,14,4,,,,,,,,,,,,3,3,0,0,0,
996,Chase Thomas,SFO,25,,5,0,,,,,,,,,,,,3,3,0,0,0,
997,Julius Thomas*,DEN,26,TE,13,10,,,,,,0,1,0,0,0,,3,3,0,0,0,
998,Carson Tinker,JAX,25,,16,0,,,,,,,,,,,,5,3,2,0,0,
999,Levine Toilolo,ATL,23,TE,16,16,,,,,,0,1,1,0,0,,3,3,0,0,0,
1000,Nick Toon,NOR,26,wr,8,2,,,,,,0,1,0,0,0,,3,3,0,0,0,
1001,Jaylen Watkins,PHI,23,,4,0,0,0,0,0,1,,,,,,,3,3,0,0,0,
1002,Sammy Watkins,BUF,21,WR,16,16,,,,,,0,1,0,0,0,,3,3,0,0,0,
1003,Reggie Wayne,IND,36,WR,15,15,,,,,,0,1,1,0,0,,3,3,0,0,0,
1004,Markus Wheaton,PIT,23,WR,16,11,,,,,,,,,,,,3,3,0,0,0,
1005,Brandon Williams,CAR,27,,14,0,,,,,,,,,,,,3,3,0,0,0,
1006,Terrance Williams,DAL,25,WR,16,16,,,,,,,,,,,,3,3,0,0,0,
1007,Albert Wilson,KAN,22,wr,12,2,,,,,,1,0,0,0,0,,3,3,0,0,0,
1008,George Winn,DET,24,,12,0,,,,,,,,,,,,3,3,0,0,0,
1009,Jason Witten*,DAL,32,TE,16,16,,,,,,,,,,,,3,3,0,0,0,
1010,LaMarr Woodley,OAK,30,de,6,5,,,,,,,,,,,,5,3,2,0,3,
1011,Dwayne Allen,IND,24,fb/TE,13,13,,,,,,1,1,1,0,0,,3,2,1,0,0,
1012,Matt Asiata,MIN,27,fb/RB,15,9,,,,,,0,1,1,0,0,,2,2,0,0,0,
1013,Miles Austin,CLE,30,WR,12,11,,,,,,,,,,,,2,2,0,0,0,
1014,Donnie Avery,KAN,30,wr,6,3,,,,,,0,1,0,0,0,,2,2,0,0,0,
1015,Dan Bailey,DAL,26,K,16,0,,,,,,,,,,,,2,2,0,0,0,
1016,Doug Baldwin,SEA,26,WR,16,16,,,,,,0,1,0,0,0,,2,2,0,0,0,
1017,Chris Banjo,GNB,24,,3,0,,,,,,,,,,,,3,2,1,0,0,
1018,Joe Banyard,MIN,26,,15,0,,,,,,,,,,,,2,2,0,0,0,
1019,Khalif Barnes,OAK,32,lg/RT/t,14,13,,,,,,0,1,0,0,0,,2,2,0,0,0,
1020,Steve Beauharnais,WAS,24,,3,0,,,,,,,,,,,,4,2,2,0,0,
1021,Joique Bell,DET,28,rb,15,6,,,,,,0,5,4,0,0,,2,2,0,0,0,
1022,,,,,,,,,,,,,,,,,,,,,,,
1023,Kelvin Benjamin,CAR,23,WR,16,15,,,,,,0,1,0,0,0,,2,2,0,0,0,
1024,Giovani Bernard,CIN,23,RB,13,9,,,,,,1,0,0,0,0,,2,2,0,0,0,
1025,Desmond Bishop,2TM,30,,2,0,,,,,,,,,,,,2,2,0,0,0,
1026,Joel Bitonio,CLE,23,LG,16,16,,,,,,,,,,,,2,2,0,0,0,
1027,Anquan Boldin,SFO,34,WR,16,16,,,,,,,,,,,,2,2,0,0,0,
1028,Blake Bortles,JAX,22,QB,14,13,,,,,,0,7,3,-6,0,,2,2,0,0,0,
1029,Kevin Brock,CIN,28,te,14,2,,,,,,,,,,,,2,2,0,0,0,
1030,Jay Bromley,NYG,22,,8,0,,,,,,,,,,,,5,2,3,0,0,
1031,Antonio Brown*+,PIT,26,WR,16,16,,,,,,0,2,1,0,0,,2,2,0,0,0,
1032,Josh Brown,NYG,35,K,16,0,,,,,,0,0,1,-4,0,,2,2,0,0,0,
1033,Kaelin Burnett,2TM,25,,5,0,,,,,,,,,,,,3,2,1,0,0,
1034,Jermon Bushrod,CHI,30,LT,14,14,,,,,,,,,,,,2,2,0,0,0,
1035,Chris Carter,2TM,25,,4,0,,,,,,,,,,,,3,2,1,0,0,
1036,Chandler Catanzaro,ARI,23,K,16,0,,,,,,,,,,,,2,2,0,0,0,
1037,Brent Celek,PHI,29,TE,16,15,,,,,,0,1,0,0,0,,2,2,0,0,0,
1038,Nate Chandler,CAR,25,RT,11,11,,,,,,,,,,,,2,2,0,0,0,
1039,Jamaal Charles*,KAN,28,RB,15,15,,,,,,0,5,1,0,0,,2,2,0,0,0,
1040,Will Clarke,CIN,23,,7,0,,,,,,0,0,1,0,0,,3,2,1,0,0,
1041,Daryn Colledge,MIA,32,LG,13,13,,,,,,,,,,,,2,2,0,0,0,
1042,Willie Colon,NYJ,31,RG,16,16,,,,,,,,,,,,2,2,0,0,0,
1043,Marques Colston,NOR,31,WR,16,13,,,,,,0,1,0,0,0,,2,2,0,0,0,
1044,Brandin Cooks,NOR,21,wr,10,7,,,,,,0,1,0,0,0,,2,2,0,0,0,
1045,Jerricho Cotchery,CAR,32,WR,15,13,,,,,,,,,,,,2,2,0,0,0,
1046,Jerome Couplin,3TM,23,,10,0,,,,,,,,,,,,2,2,0,1,0,
1047,Scott Crichton,MIN,23,,8,0,,,,,,,,,,,,2,2,0,1,1,
1048,Mason Crosby,GNB,30,K,16,0,,,,,,,,,,,,2,2,0,0,0,
1049,Andy Dalton*,CIN,27,QB,16,16,,,,,,0,4,1,-5,0,,2,2,0,0,0,
1050,Owen Daniels,BAL,32,TE,15,13,,,,,,,,,,,,2,2,0,0,0,
1051,Drew Davis,ATL,25,,6,0,,,,,,,,,,,,2,2,0,0,0,
1052,Vernon Davis,SFO,30,TE,14,14,,,,,,,,,,,,2,2,0,0,0,
1053,,,,,,,,,,,,,,,,,,,,,,,
1054,Anthony Denham,HOU,23,,4,0,,,,,,,,,,,,2,2,0,0,0,
1055,John Denney,MIA,36,,16,0,,,,,,0,0,1,0,0,,2,2,0,0,0,
1056,Evan Dietrich-Smith,TAM,28,C,15,15,,,,,,0,2,0,-14,0,,2,2,0,0,0,
1057,Ahmad Dixon,3TM,23,,11,0,,,,,,0,0,1,0,0,,3,2,1,0,0,
1058,Jon Dorenbos*,PHI,34,,16,0,,,,,,,,,,,,2,2,0,0,0,
1059,Shaun Draughn,3TM,27,,10,0,,,,,,,,,,,,3,2,1,0,0,
1060,Greg Ducre,2TM,22,,6,0,1,7,0,7,1,,,,,,,2,2,0,0,0,
1061,Lance Dunbar,DAL,24,,16,0,,,,,,,,,,,,2,2,0,0,0,
1062,Dannell Ellerbe,MIA,29,lb,1,1,,,,,,,,,,,,2,2,0,0,0,
1063,IK Enemkpali,NYJ,23,,6,0,0,0,0,0,2,,,,,,,3,2,1,0,0,
1064,Zach Ertz,PHI,24,te,16,5,,,,,,0,1,1,9,0,,3,2,1,0,0,
1065,Justin Forsett*,BAL,29,RB,16,14,,,,,,0,2,1,0,0,,2,2,0,0,0,
1066,Andrew Gardner,PHI,28,rg/rt,16,8,,,,,,0,0,1,0,0,,2,2,0,0,0,
1067,Jordan Gay,BUF,24,k,16,0,,,,,,,,,,,,3,2,1,0,0,
1068,Mike Glennon,TAM,25,qb,6,5,,,,,,0,2,3,-8,0,,2,2,0,0,0,
1069,Josh Gordon,CLE,23,wr,5,5,,,,,,0,0,1,0,0,,2,2,0,0,0,
1070,MarQueis Gray,2TM,25,,13,5,,,,,,,,,,,,2,2,0,0,0,
1071,Ryan Griffin,HOU,24,te,16,2,,,,,,,,,,,,2,2,0,0,0,
1072,Lawrence Guy,2TM,24,,14,1,0,0,0,0,1,0,0,1,6,0,,17,2,15,0,1,
1073,Clay Harbor,JAX,27,TE,13,8,,,,,,,,,,,,3,2,1,0,0,
1074,Cory Harkey,STL,24,fb/TE,16,13,,,,,,0,0,1,0,0,,3,2,1,0,0,
1075,Clark Harris,CIN,30,,16,0,,,,,,,,,,,,4,2,2,0,0,
1076,Percy Harvin,2TM,26,,13,12,,,,,,0,3,1,0,0,,2,2,0,0,0,
1077,Andre Holmes,OAK,26,WR,16,13,,,,,,,,,,,,3,2,1,0,0,
1078,Rob Housler,ARI,26,te,15,7,,,,,,0,1,0,0,0,,2,2,0,0,0,
1079,Josh Huff,PHI,23,,12,0,,,,,,0,1,1,0,0,,4,2,2,0,0,
1080,Justin Hunter,TEN,23,WR,12,8,,,,,,0,0,1,0,0,,2,2,0,0,0,
1081,Mike Iupati*,SFO,27,LG,15,15,,,,,,,,,,,,2,2,0,0,0,
1082,DeSean Jackson,WAS,28,WR,15,13,,,,,,,,,,,,2,2,0,0,0,
1083,Jackson Jeffcoat,WAS,23,rolb,3,1,1,9,0,9,1,,,,,,1.0,5,2,3,1,2,
1084,,,,,,,,,,,,,,,,,,,,,,,
1085,Luke Joeckel,JAX,23,LT,16,16,,,,,,0,0,1,0,0,,2,2,0,0,0,
1086,Calvin Johnson*,DET,29,WR,13,13,,,,,,,,,,,,2,2,0,0,0,
1087,Damaris Johnson,HOU,25,WR,16,8,,,,,,0,2,1,0,0,,2,2,0,0,0,
1088,Maurice Jones-Drew,OAK,29,rb,12,1,,,,,,0,1,0,0,0,,2,2,0,0,0,
1089,Jason Kelce*,PHI,27,C,12,12,,,,,,,,,,,,2,2,0,0,0,
1090,Lance Kendricks,STL,26,TE/wr,16,14,,,,,,,,,,,,2,2,0,0,0,
1091,Daniel Kilgore,SFO,27,c,7,7,,,,,,,,,,,,3,2,1,0,0,
1092,Brandon LaFell,NWE,28,WR,16,13,,,,,,0,1,0,0,0,,2,2,0,0,0,
1093,Ellis Lankster,NYJ,27,,2,0,,,,,,,,,,,,4,2,2,0,0,
1094,Ted Larsen,ARI,27,LG/rg,16,16,,,,,,,,,,,,2,2,0,0,0,
1095,DeDe Lattimore,CHI,23,,10,0,,,,,,,,,,,,3,2,1,0,0,
1096,Mike Leach,ARI,38,,16,0,,,,,,,,,,,,3,2,1,0,0,
1097,Marqise Lee,JAX,23,WR,13,8,,,,,,,,,,,,2,2,0,0,0,
1098,Travis Lewis,DET,26,,2,0,,,,,,,,,,,,2,2,0,0,0,
1099,Erik Lorig,NOR,28,fb,10,6,,,,,,0,1,0,0,0,,2,2,0,0,0,
1100,Craig Loston,JAX,25,,13,0,,,,,,,,,,,,3,2,1,0,0,
1101,Nick Mangold*,NYJ,30,C,15,15,,,,,,0,1,0,0,0,,2,2,0,0,0,
1102,Peyton Manning*,DEN,38,QB,16,16,,,,,,0,6,1,-11,0,,2,2,0,0,0,
1103,Stansly Maponga,ATL,23,,12,0,,,,,,0,0,2,6,0,1.0,3,2,1,1,1,
1104,Pat McAfee*+,IND,27,P,16,0,,,,,,,,,,,,3,2,1,0,0,
1105,Darren McFadden,OAK,27,RB,16,12,,,,,,0,1,0,0,0,,3,2,1,0,0,
1106,Stacy McGee,OAK,24,,11,0,,,,,,,,,,,,4,2,2,0,0,
1107,Jake McQuaide,STL,27,,16,0,,,,,,,,,,,,2,2,0,0,0,
1108,Jack Mewhort,IND,23,LG/rt,14,14,,,,,,,,,,,,2,2,0,0,0,
1109,Gabe Miller,WAS,27,,7,0,,,,,,,,,,,,4,2,2,0,0,
1110,Alfred Morris*,WAS,26,RB,16,16,,,,,,0,2,1,0,0,,2,2,0,0,0,
1111,Thomas Morstead,NOR,28,P,16,0,,,,,,,,,,,,2,2,0,0,0,
1112,DeMarco Murray*+,DAL,26,RB,16,16,,,,,,0,6,2,0,0,,2,2,0,0,0,
1113,Troy Niklas,ARI,22,te,7,2,,,,,,,,,,,,2,2,0,0,0,
1114,Kevin Norwood,SEA,25,wr,9,2,,,,,,,,,,,,2,2,0,0,0,
1115,,,,,,,,,,,,,,,,,,,,,,,
1116,Pat O'Donnell,CHI,23,P/WR,16,0,,,,,,0,1,1,0,0,,2,2,0,0,0,
1117,Carson Palmer,ARI,35,qb,6,6,,,,,,0,3,2,0,0,,2,2,0,0,0,
1118,Michael Palmer,PIT,26,te,15,1,,,,,,,,,,,,2,2,0,0,0,
1119,Cody Parkey*,PHI,22,K,16,0,,,,,,,,,,,,3,2,1,0,0,
1120,Donald Penn,OAK,31,LT,16,16,,,,,,0,0,1,0,0,,2,2,0,0,0,
1121,De'Andre Presley,CAR,24,,4,0,,,,,,,,,,,,2,2,0,0,0,
1122,Bacarri Rambo,2TM,24,,6,0,2,44,0,28,2,,,,,,,4,2,2,2,1,
1123,Rueben Randle,NYG,23,WR,16,13,,,,,,,,,,,,2,2,0,0,0,
1124,Mychal Rivera,OAK,24,TE,16,10,,,,,,0,3,0,0,0,,2,2,0,0,0,
1125,Adrien Robinson,NYG,26,te,16,1,,,,,,,,,,,,3,2,1,0,0,
1126,Allen Robinson,JAX,21,WR,10,8,,,,,,,,,,,,2,2,0,0,0,
1127,Greg Robinson,STL,22,lg/LT,16,12,,,,,,0,0,1,0,0,,2,2,0,0,0,
1128,Aaron Rodgers*+,GNB,31,QB,16,16,,,,,,0,12,6,-25,0,,2,2,0,0,0,
1129,Jeremy Ross,DET,26,fb/WR,16,13,,,,,,0,5,3,0,0,,3,2,1,0,0,
1130,Eddie Royal,SDG,28,WR,16,11,,,,,,0,1,1,0,0,,2,2,0,0,0,
1131,Rodger Saffold,STL,26,LG/rg,16,16,,,,,,,,,,,,2,2,0,0,0,
1132,Greg Salas,NYJ,26,wr,10,2,,,,,,,,,,,,3,2,1,0,0,
1133,Mohamed Sanu,CIN,25,WR,16,13,,,,,,0,0,1,0,0,,2,2,0,0,0,
1134,Ricky Sapp,HOU,28,,3,0,,,,,,,,,,,,3,2,1,0,0,
1135,Alex Smith,KAN,30,QB,15,15,,,,,,0,4,2,0,0,,2,2,0,0,0,
1136,Antone Smith,ATL,29,,10,0,,,,,,0,1,0,0,0,,2,2,0,0,0,
1137,Geno Smith,NYJ,24,QB,14,13,,,,,,1,8,5,-21,0,,2,2,0,0,0,
1138,Torrey Smith,BAL,25,WR,16,16,,,,,,,,,,,,2,2,0,0,0,
1139,Julian Stanford,DET,24,,14,0,,,,,,,,,,,,2,2,0,0,0,
1140,J.R. Sweezy,SEA,25,RG,16,16,,,,,,,,,,,,2,2,0,0,0,
1141,Brandon Tate,CIN,27,wr,16,4,,,,,,0,2,1,0,0,,2,2,0,0,0,
1142,Ryan Taylor,3TM,27,,14,0,,,,,,,,,,,,2,2,0,0,0,
1143,Demaryius Thomas*,DEN,27,WR,16,16,,,,,,,,,,,,2,2,0,0,0,
1144,Josh Thomas,3TM,25,,5,0,0,0,0,0,2,,,,,,,2,2,0,0,0,
1145,Taylor Thompson,TEN,25,te,3,1,,,,,,,,,,,,2,2,0,0,0,
1146,,,,,,,,,,,,,,,,,,,,,,,
1147,Walter Thurmond,NYG,27,cb,2,1,,,,,,,,,,,,4,2,2,0,0,
1148,Zurlon Tipton,IND,24,,6,0,,,,,,,,,,,,2,2,0,0,0,
1149,Justin Trattou,MIN,26,,4,0,,,,,,,,,,,,2,2,0,0,1,
1150,Jordan Tripp,MIA,23,,13,0,,,,,,,,,,,,3,2,1,0,0,
1151,Robert Turbin,SEA,25,fb/rb,16,3,,,,,,0,1,0,0,0,,3,2,1,0,0,
1152,Brian Tyms,NWE,25,wr,11,2,,,,,,,,,,,,2,2,0,0,0,
1153,Raymond Ventrone,SFO,32,,8,0,,,,,,,,,,,,3,2,1,0,0,
1154,Shane Vereen,NWE,25,rb,16,6,,,,,,,,,,,,2,2,0,0,0,
1155,Lawrence Virgil,NOR,23,,1,0,,,,,,,,,,,,2,2,0,1,0,
1156,Leon Washington,TEN,32,,16,0,,,,,,0,3,1,0,0,,2,2,0,0,0,
1157,Ben Watson,NOR,34,TE,16,8,,,,,,,,,,,,2,2,0,0,0,
1158,Tress Way,WAS,24,P,16,0,,,,,,0,1,1,0,0,,2,2,0,0,0,
1159,Steve Weatherford,NYG,32,P,16,0,,,,,,,,,,,,2,2,0,0,0,
1160,B.W. Webb,PIT,24,,11,0,,,,,,,,,,,,2,2,0,0,0,
1161,Joe Webb,CAR,28,,7,0,,,,,,,,,,,,2,2,0,0,0,
1162,Jon Weeks,HOU,28,,16,0,,,,,,,,,,,,2,2,0,0,0,
1163,Ethan Westbrooks,STL,24,,6,0,,,,,,,,,,,,5,2,3,0,0,
1164,Teddy Williams,3TM,26,,7,0,,,,,,,,,,,,2,2,0,0,0,
1165,Stefen Wisniewski,OAK,25,C,16,16,,,,,,0,1,2,-17,0,,2,2,0,0,0,
1166,Eric Wood,BUF,28,C,16,16,,,,,,0,1,0,-10,0,,2,2,0,0,0,
1167,Robert Woods,BUF,22,WR,16,15,,,,,,0,1,0,0,0,,3,2,1,0,0,
1168,Kendall Wright,TEN,25,WR,14,11,,,,,,0,1,0,0,0,,3,2,1,0,0,
1169,Oday Aboushi,NYJ,23,LG,15,10,,,,,,,,,,,,1,1,0,0,0,
1170,Davante Adams,GNB,22,WR,16,11,,,,,,,,,,,,1,1,0,0,0,
1171,Mike Adams,PIT,24,rt,16,4,,,,,,,,,,,,1,1,0,0,0,
1172,Branden Albert,MIA,30,LT,9,9,,,,,,,,,,,,1,1,0,0,0,
1173,Frank Alexander,CAR,25,,1,0,,,,,,,,,,,,1,1,0,0,0,
1174,Danny Amendola,NWE,29,wr,16,4,,,,,,0,1,0,0,0,,1,1,0,,,
1175,C.J. Anderson*,DEN,23,rb,15,7,,,,,,0,1,0,0,0,,1,1,0,0,0,
1176,Antonio Andrews,TEN,22,,4,0,,,,,,,,,,,,1,1,0,0,0,
1177,,,,,,,,,,,,,,,,,,,,,,,
1178,Jason Ankrah,HOU,23,,2,0,,,,,,,,,,,,1,1,0,0,0,
1179,Jon Asamoah,ATL,26,RG,15,15,,,,,,,,,,,,1,1,0,0,0,
1180,George Atkinson,OAK,22,,5,0,,,,,,,,,,,,1,1,0,0,0,
1181,Tavon Austin,STL,24,WR,15,8,,,,,,0,5,4,0,0,,1,1,0,0,0,
1182,Jason Avant,2TM,31,,16,0,,,,,,,,,,,,1,1,0,0,0,
1183,Sean Baker,ATL,26,,5,0,,,,,,,,,,,,2,1,1,0,0,
1184,David Bakhtiari,GNB,23,LT,16,16,,,,,,,,,,,,1,1,0,0,0,
1185,Allen Barbre,PHI,30,rt,1,1,,,,,,,,,,,,1,1,0,0,0,
1186,Joe Barksdale,STL,26,RT,16,16,,,,,,,,,,,,1,1,0,0,0,
1187,T.J. Barnes,NYJ,24,,6,0,,,,,,,,,,,,1,1,0,1,0,
1188,Gary Barnidge,CLE,29,te,13,2,,,,,,,,,,,,2,1,1,0,0,
1189,Kelvin Beachum,PIT,25,LT,16,16,,,,,,,,,,,,1,1,0,0,0,
1190,Zane Beadles,JAX,28,LG,16,16,,,,,,,,,,,,1,1,0,0,0,
1191,Byron Bell,CAR,25,LT,15,15,,,,,,0,0,1,0,0,,1,1,0,0,0,
1192,Travis Benjamin,CLE,25,,16,0,,,,,,1,2,2,0,0,,1,1,0,0,0,
1193,Martellus Bennett*,CHI,27,TE,16,15,,,,,,,,,,,,1,1,0,0,0,
1194,Joe Berger,MIN,32,RG,16,9,,,,,,,,,,,,1,1,0,0,0,
1195,Aaron Berry,CLE,26,,1,0,,,,,,,,,,,,1,1,0,0,0,
1196,Brenton Bersin,CAR,24,wr,15,1,,,,,,0,3,1,0,0,,1,1,0,0,0,
1197,Kenneth Boatright,DAL,24,,1,0,,,,,,,,,,,,1,1,0,0,0,
1198,Tommy Bohanon,NYJ,24,fb,4,2,,,,,,,,,,,,1,1,0,0,0,
1199,Luke Bowanko,JAX,23,C,16,14,,,,,,0,0,1,0,0,,1,1,0,0,0,
1200,Brett Brackett,2TM,27,,8,4,,,,,,,,,,,,1,1,0,0,0,
1201,Ahmad Bradshaw,IND,28,rb,10,1,,,,,,0,3,3,12,0,,1,1,0,,,
1202,Tom Brady*,NWE,37,QB,16,16,,,,,,0,6,1,-4,0,,1,1,0,0,0,
1203,Teddy Bridgewater,MIN,22,QB,13,12,,,,,,0,3,1,0,0,,1,1,0,0,0,
1204,Kenny Britt,STL,26,WR,16,13,,,,,,,,,,,,1,1,0,0,0,
1205,Bryce Brown,BUF,23,rb,7,2,,,,,,0,1,0,0,0,,1,1,0,0,0,
1206,Corey Brown,CAR,23,wr,13,3,,,,,,0,3,1,0,0,,1,1,0,0,0,
1207,Jalil Brown,2TM,27,,5,0,0,0,0,0,1,,,,,,,1,1,0,0,0,
1208,,,,,,,,,,,,,,,,,,,,,,,
1209,Dez Bryant*+,DAL,26,WR,16,16,,,,,,0,1,1,0,0,,1,1,0,0,0,
1210,Randy Bullock,HOU,25,K,16,0,,,,,,,,,,,,1,1,0,0,0,
1211,Max Bullough,HOU,22,,1,0,,,,,,,,,,,,1,1,0,0,0,
1212,Rex Burkhead,CIN,24,,9,0,,,,,,,,,,,,5,1,4,0,0,
1213,Brice Butler,OAK,24,,15,0,,,,,,,,,,,,1,1,0,0,0,
1214,Drew Butler,ARI,25,P,15,0,,,,,,,,,,,,1,1,0,0,0,
1215,Victor Butler,2TM,27,,2,0,,,,,,,,,,,,2,1,1,0,0,
1216,Carrington Byndom,CAR,22,,3,0,,,,,,,,,,,,1,1,0,0,0,
1217,Gabe Carimi,ATL,26,lt/rg/rt/t/te,16,7,,,,,,,,,,,,1,1,0,0,0,
1218,Derek Carr,OAK,23,QB,16,16,,,,,,0,10,4,-30,0,,1,1,0,0,0,
1219,Alex Carrington,STL,27,,8,0,,,,,,,,,,,,1,1,0,0,0,
1220,Anthony Castonzo,IND,26,LT,16,16,,,,,,,,,,,,1,1,0,0,0,
1221,Gosder Cherilus,IND,30,RT,13,13,,,,,,,,,,,,1,1,0,0,0,
1222,Ryan Clady*,DEN,28,LT,16,16,,,,,,0,0,1,-2,0,,1,1,0,0,0,
1223,Adrian Clayborn,TAM,26,de,1,1,,,,,,,,,,,,1,1,0,1,0,
1224,Tyler Clutts,DAL,30,fb,16,1,,,,,,,,,,,,1,1,0,0,0,
1225,Randall Cobb*,GNB,24,WR,16,16,,,,,,0,4,1,0,0,,1,1,0,0,0,
1226,Ross Cockrell,BUF,23,,7,0,,,,,,,,,,,,1,1,0,0,0,
1227,Dustin Colquitt,KAN,32,P,16,0,,,,,,,,,,,,1,1,0,0,0,
1228,Jared Cook,STL,27,te,16,6,,,,,,,,,,,,1,1,0,0,0,
1229,Oniel Cousins,TAM,30,lt/rt/te,16,7,,,,,,0,0,1,0,0,,1,1,0,0,0,
1230,Jeff Cumberland,NYJ,27,TE,16,14,,,,,,0,0,1,0,0,,1,1,0,0,0,
1231,Jay Cutler,CHI,31,QB,15,15,,,,,,0,12,4,-29,0,,1,1,0,0,0,
1232,Anthony Davis,SFO,25,rt,7,7,,,,,,,,,,,,1,1,0,0,0,
1233,Kellen Davis,DET,29,,6,0,,,,,,,,,,,,1,1,0,0,0,
1234,Phil Dawson,SFO,39,K,16,0,,,,,,,,,,,,1,1,0,0,0,
1235,David DeCastro,PIT,24,RG,16,16,,,,,,,,,,,,1,1,0,0,0,
1236,Eric Decker,NYJ,27,WR,15,15,,,,,,,,,,,,1,1,0,0,0,
1237,Jordan Devey,NWE,26,lg/rg,7,4,,,,,,,,,,,,1,1,0,0,0,
1238,Ed Dickson,CAR,27,fb/te/wr,16,10,,,,,,0,1,1,0,0,,1,1,0,0,0,
1239,,,,,,,,,,,,,,,,,,,,,,,
1240,Anthony Dixon,BUF,27,,16,0,,,,,,0,1,1,0,0,,4,1,3,0,0,
1241,Larry Donnell,NYG,26,TE,16,12,,,,,,0,4,0,0,0,,1,1,0,0,0,
1242,Kevin Dorsey,GNB,24,,3,0,,,,,,,,,,,,2,1,1,0,0,
1243,Demar Dotson,TAM,29,lt/RT,16,16,,,,,,0,0,1,0,0,,1,1,0,0,0,
1244,Ras-I Dowling,OAK,26,,3,0,,,,,,,,,,,,1,1,0,0,0,
1245,Jack Doyle,IND,24,te,16,1,,,,,,,,,,,,3,1,2,0,0,
1246,Justin Drescher,NOR,26,,16,0,,,,,,,,,,,,1,1,0,0,0,
1247,Brandon Dunn,CHI,22,,3,0,0,0,0,0,1,,,,,,,1,1,0,0,0,
1248,A.J. Edds,2TM,27,,6,0,,,,,,,,,,,,1,1,0,0,0,
1249,Lavar Edwards,DAL,24,,4,0,,,,,,,,,,,,1,1,0,0,0,
1250,Andre Ellington,ARI,25,RB,12,12,,,,,,0,2,0,0,0,,1,1,0,0,0,
1251,Bruce Ellington,SFO,23,,13,0,,,,,,0,1,1,0,0,,1,1,0,0,0,
1252,Gavin Escobar,DAL,23,te,16,1,,,,,,,,,,,,2,1,1,0,0,
1253,Anthony Fasano,KAN,30,TE,15,13,,,,,,,,,,,,1,1,0,0,0,
1254,Daniel Fells,NYG,31,TE,16,9,,,,,,0,1,0,0,0,,2,1,1,0,0,
1255,Darren Fells,ARI,28,te,10,5,,,,,,,,,,,,1,1,0,0,0,
1256,C.J. Fiedorowicz,HOU,23,TE,15,8,,,,,,,,,,,,1,1,0,0,0,
1257,Brandon Fields,MIA,30,P,16,0,,,,,,,,,,,,1,1,0,0,0,
1258,Eric Fisher,KAN,23,LT,16,16,,,,,,,,,,,,1,1,0,0,0,
1259,Larry Fitzgerald,ARI,31,WR,14,13,,,,,,0,1,0,0,0,,1,1,0,,,
1260,Joe Flacco,BAL,29,QB,16,16,,,,,,0,6,3,-5,0,,1,1,0,0,0,
1261,Malcom Floyd,SDG,33,WR,16,16,,,,,,,,,,,,1,1,0,0,0,
1262,Michael Floyd,ARI,25,WR,16,14,,,,,,0,4,2,0,0,,1,1,0,0,0,
1263,D.J. Fluker,SDG,23,RT,16,16,,,,,,,,,,,,1,1,0,0,0,
1264,Matt Flynn,GNB,29,,7,0,,,,,,0,1,0,0,0,,1,1,0,0,0,
1265,Moise Fokou,NOR,29,,2,0,,,,,,,,,,,,2,1,1,0,0,
1266,Nick Foles,PHI,25,QB,8,8,,,,,,0,4,1,0,0,,1,1,0,0,0,
1267,Khairi Fortt,3TM,22,,3,0,,,,,,,,,,,,1,1,0,0,0,
1268,Arian Foster*,HOU,28,RB,13,13,,,,,,0,2,0,0,0,,1,1,0,0,0,
1269,Glenn Foster,NOR,24,,5,0,,,,,,,,,,,,1,1,0,0,1,
1270,,,,,,,,,,,,,,,,,,,,,,,
1271,Ramon Foster,PIT,28,LG,14,14,,,,,,,,,,,,1,1,0,0,0,
1272,Jason Fox,MIA,26,rt,9,2,,,,,,,,,,,,1,1,0,0,0,
1273,Corey Fuller,DET,24,wr,16,2,,,,,,0,1,0,0,0,,1,1,0,0,0,
1274,Thomas Gafford,KAN,31,,16,0,,,,,,,,,,,,1,1,0,0,0,
1275,Graham Gano,CAR,27,K,16,0,,,,,,0,0,1,0,0,,1,1,0,0,0,
1276,Pierre Garcon,WAS,28,WR,16,14,,,,,,0,0,1,0,0,,1,1,0,0,0,
1277,Roberto Garza,CHI,35,C,12,12,,,,,,,,,,,,1,1,0,0,0,
1278,Brandon Gibson,MIA,27,wr,14,5,,,,,,0,2,0,0,0,,1,1,0,0,0,
1279,Marcus Gilbert,PIT,26,RT,12,12,,,,,,0,0,1,0,0,,1,1,0,0,0,
1280,Crockett Gillmore,BAL,23,te,15,1,,,,,,,,,,,,1,1,0,0,0,
1281,Ted Ginn,ARI,29,,16,0,,,,,,0,3,1,0,0,,1,1,0,0,0,
1282,Chris Givens,STL,25,,14,0,,,,,,,,,,,,1,1,0,0,0,
1283,Cordy Glenn,BUF,25,LT,16,16,,,,,,,,,,,,1,1,0,0,0,
1284,Marquise Goodwin,BUF,24,,10,0,,,,,,0,1,0,0,0,,1,1,0,0,0,
1285,Stephen Gostkowski*,NWE,30,K,16,0,,,,,,,,,,,,1,1,0,0,0,
1286,Garrett Graham,HOU,28,TE,11,9,,,,,,,,,,,,1,1,0,0,0,
1287,Jimmy Graham*,NOR,28,TE,16,13,,,,,,1,2,0,0,0,,1,1,0,0,0,
1288,Ryan Grant,WAS,24,wr,16,2,,,,,,,,,,,,1,1,0,0,0,
1289,Jonas Gray,NWE,24,rb,8,3,,,,,,,,,,,,1,1,0,0,0,
1290,John Greco,CLE,29,c/RG,16,16,,,,,,,,,,,,2,1,1,0,0,
1291,A.J. Green*,CIN,26,WR,13,13,,,,,,0,3,0,0,0,,1,1,0,0,0,
1292,Frankie Hammond,KAN,24,wr,16,3,,,,,,,,,,,,1,1,0,0,0,
1293,Bryce Harris,NOR,25,lt,16,2,,,,,,,,,,,,1,1,0,0,0,
1294,DuJuan Harris,GNB,26,,15,0,,,,,,,,,,,,1,1,0,0,0,
1295,Mike Harris,MIN,26,rt,12,5,,,,,,0,0,1,0,0,,1,1,0,0,0,
1296,Shelby Harris,OAK,23,,1,0,,,,,,,,,,,,2,1,1,0,0,
1297,Brian Hartline,MIA,28,WR,16,16,,,,,,,,,,,,1,1,0,0,0,
1298,Stephen Hauschka,SEA,29,K,16,0,,,,,,0,0,1,0,0,,1,1,0,0,0,
1299,Joe Hawley,ATL,26,c,4,4,,,,,,,,,,,,1,1,0,0,0,
1300,Cooper Helfet,SEA,25,te,10,2,,,,,,1,0,0,0,0,,1,1,0,0,0,
1301,,,,,,,,,,,,,,,,,,,,,,,
1302,Robert Herron,TAM,22,,8,0,,,,,,,,,,,,1,1,0,0,0,
1303,Devin Hester*,ATL,32,wr,16,1,,,,,,1,2,2,0,0,,1,1,0,0,0,
1304,Ronnie Hillman,DEN,23,rb,8,4,,,,,,0,1,0,0,0,,1,1,0,0,0,
1305,T.Y. Hilton*,IND,25,WR,15,15,,,,,,1,3,0,0,0,,1,1,0,0,0,
1306,DeAndre Hopkins,HOU,22,WR,16,16,,,,,,0,2,2,0,0,,1,1,0,0,0,
1307,Austin Howard,OAK,27,RG,16,16,,,,,,,,,,,,1,1,0,0,0,
1308,Brian Hoyer,CLE,29,QB,14,13,,,,,,0,4,2,-10,0,,1,1,0,0,0,
1309,Rodney Hudson,KAN,25,C,16,16,,,,,,,,,,,,1,1,0,0,0,
1310,James Hurst,BAL,23,lt,16,5,,,,,,,,,,,,1,1,0,0,0,
1311,Mark Ingram*,NOR,25,RB,13,9,,,,,,0,3,0,0,0,,1,1,0,0,0,
1312,Nic Jacobs,JAX,23,te,13,4,,,,,,,,,,,,1,1,0,0,0,
1313,Ja'Wuan James,MIA,22,lt/RT,16,16,,,,,,0,0,1,0,0,,1,1,0,0,0,
1314,Sebastian Janikowski,OAK,36,K/P,16,0,,,,,,,,,,,,1,1,0,0,0,
1315,J.J. Jansen,CAR,28,,16,0,,,,,,,,,,,,1,1,0,0,0,
1316,Alshon Jeffery,CHI,24,WR,16,16,,,,,,0,1,0,0,0,,1,1,0,0,0,
1317,Mike Jenkins,TAM,29,,1,0,,,,,,,,,,,,1,1,0,0,0,
1318,Anthony Johnson,MIA,21,,7,0,,,,,,0,0,1,0,0,,2,1,1,0,1,
1319,Charles Johnson,MIN,25,wr,12,6,,,,,,0,1,0,0,0,,1,1,0,,,
1320,Chris Johnson,NYJ,29,rb,16,6,,,,,,0,1,0,0,0,,1,1,0,0,0,
1321,Lane Johnson,PHI,24,RT,12,12,,,,,,,,,,,,3,1,2,0,0,
1322,Randell Johnson,BUF,23,,5,0,,,,,,0,0,1,0,0,,1,1,0,0,0,
1323,Steve Johnson,SFO,28,wr,13,1,,,,,,,,,,,,1,1,0,0,0,
1324,Chris Jones,DAL,25,C/P,16,0,,,,,,,,,,,,1,1,0,0,0,
1325,Matt Kalil,MIN,25,LT,16,16,,,,,,,,,,,,1,1,0,0,0,
1326,Thomas Keiser,ARI,25,lb,3,1,0,0,0,0,1,,,,,,,2,1,1,1,0,
1327,Jeremy Kerley,NYJ,26,wr,16,7,,,,,,0,1,0,0,0,,1,1,0,0,0,
1328,David King,2TM,25,,3,0,,,,,,,,,,,1.0,1,1,0,1,2,
1329,Marquette King,OAK,26,P,16,0,,,,,,,,,,,,1,1,0,0,0,
1330,Kyle Knox,NOR,25,,12,0,,,,,,,,,,,,3,1,2,0,0,
1331,John Kuhn*+,GNB,32,fb,16,2,,,,,,,,,,,,1,1,0,0,0,
1332,,,,,,,,,,,,,,,,,,,,,,,
1333,Eddie Lacy,GNB,24,RB,16,16,,,,,,0,3,1,0,0,,1,1,0,0,0,
1334,Shawn Lauvao,WAS,27,LG,15,15,,,,,,,,,,,,1,1,0,0,0,
1335,Nevin Lawson,DET,23,,2,0,,,,,,,,,,,,1,1,0,0,0,
1336,Tim Lelito,NOR,25,c,16,2,,,,,,,,,,,,1,1,0,0,0,
1337,Andy Levitre,TEN,28,LG,16,16,,,,,,0,0,1,0,0,,1,1,0,0,0,
1338,Brandon Lloyd,SFO,33,wr,14,3,,,,,,,,,,,,1,1,0,0,0,
1339,Spencer Long,WAS,24,,5,0,,,,,,,,,,,,1,1,0,0,0,
1340,Cornelius Lucas,DET,23,lt/rt,15,3,,,,,,,,,,,,1,1,0,0,0,
1341,Logan Mankins,TAM,32,LG,16,16,,,,,,,,,,,,1,1,0,0,0,
1342,Cassius Marsh,SEA,22,,5,0,,,,,,,,,,,,5,1,4,0,0,
1343,Eric Martin,CLE,23,lb,13,1,,,,,,1,1,1,0,0,,6,1,5,0,0,
1344,Jonathan Martin,SFO,25,RT,15,9,,,,,,,,,,,,1,1,0,0,0,
1345,Keshawn Martin,HOU,24,,16,0,,,,,,,,,,,,1,1,0,0,0,
1346,Marcus Martin,SFO,21,C,8,8,,,,,,,,,,,,1,1,0,0,0,
1347,Zack Martin*+,DAL,24,RG,16,16,,,,,,,,,,,,1,1,0,,,
1348,Tre Mason,STL,21,RB,12,9,,,,,,0,2,1,0,0,,1,1,0,0,0,
1349,Bobby Massie,ARI,25,RT,16,16,,,,,,0,0,1,0,0,,1,1,0,0,0,
1350,Evan Mathis*,PHI,33,LG,9,9,,,,,,,,,,,,1,1,0,0,0,
1351,Chris Matthews,SEA,25,,3,0,,,,,,,,,,,,1,1,0,0,0,
1352,Jake Matthews,ATL,22,LT,15,15,,,,,,0,0,1,0,0,,1,1,0,0,0,
1353,Josh McCown,TAM,35,QB,11,11,,,,,,0,10,5,-3,0,,1,1,0,0,0,
1354,LeSean McCoy*,PHI,26,RB,16,16,,,,,,0,4,0,0,0,,1,1,0,0,0,
1355,Daniel McCullers,PIT,22,,9,1,,,,,,,,,,,,3,1,2,0,1,
1356,Nick McDonald,CLE,27,c,8,7,,,,,,,,,,,,1,1,0,0,0,
1357,Vance McDonald,SFO,24,te,8,4,,,,,,0,1,0,0,0,,1,1,0,0,0,
1358,Matt McGloin,OAK,25,,1,0,,,,,,,,,,,,1,1,0,0,0,
1359,Mike McGlynn,KAN,29,LG,14,13,,,,,,,,,,,,1,1,0,0,0,
1360,Jerick McKinnon,MIN,22,rb,11,6,,,,,,,,,,,,1,1,0,0,0,
1361,Joe McKnight,KAN,26,,2,0,,,,,,,,,,,,1,1,0,0,0,
1362,Jamie Meder,2TM,23,,1,0,,,,,,,,,,,,1,1,0,0,0,
1363,,,,,,,,,,,,,,,,,,,,,,,
1364,Bruce Miller,SFO,27,FB,16,8,,,,,,0,1,0,0,0,,1,1,0,0,0,
1365,Lamar Miller,MIA,23,RB,16,16,,,,,,0,3,1,0,0,,1,1,0,0,0,
1366,Jordan Mills,CHI,24,RT,13,13,,,,,,,,,,,,1,1,0,0,0,
1367,Joe Morgan,NOR,26,wr,5,2,,,,,,,,,,,,1,1,0,0,0,
1368,Josh Morgan,CHI,29,wr,14,7,,,,,,,,,,,,1,1,0,0,0,
1369,Morgan Moses,WAS,23,lt,8,1,,,,,,,,,,,,1,1,0,0,0,
1370,Brandon Mosley,NYG,26,,9,0,,,,,,,,,,,,1,1,0,0,0,
1371,Andy Mulumba,GNB,24,,2,0,,,,,,,,,,,,1,1,0,0,0,
1372,Louis Murphy,TAM,27,wr,11,3,,,,,,0,1,0,0,0,,1,1,0,0,0,
1373,Chris Myers,HOU,33,C,16,16,,,,,,0,1,0,-20,0,,2,1,1,0,0,
1374,David Nelson,NYJ,28,wr,6,5,,,,,,0,2,0,0,0,,1,1,0,0,0,
1375,Jordy Nelson*,GNB,29,WR,16,16,,,,,,0,0,1,0,0,,1,1,0,0,0,
1376,Marshall Newhouse,CIN,26,rt/t/te,15,5,,,,,,,,,,,,2,1,1,0,0,
1377,Andrew Norwell,CAR,23,LG/rg,10,9,,,,,,,,,,,,1,1,0,0,0,
1378,Mike Nugent,CIN,32,K,16,0,,,,,,,,,,,,2,1,1,0,0,
1379,Kevin Ogletree,NYG,27,,7,0,,,,,,,,,,,,1,1,0,0,0,
1380,Kenny Okoro,WAS,25,,2,0,,,,,,,,,,,,1,1,0,,,
1381,Russell Okung,SEA,27,LT,14,14,,,,,,,,,,,,1,1,0,0,0,
1382,Michael Ola,CHI,26,lg/lt/rg/rt,13,12,,,,,,,,,,,,1,1,0,0,0,
1383,Branden Oliver,SDG,23,rb,14,7,,,,,,,,,,,,1,1,0,0,0,
1384,Greg Olsen*,CAR,29,TE,16,16,,,,,,0,1,2,-4,0,,1,1,0,0,0,
1385,Brandon Pettigrew,DET,29,TE,14,9,,,,,,,,,,,,1,1,0,0,0,
1386,Bernard Pierce,BAL,23,rb,13,2,,,,,,0,1,0,0,0,,1,1,0,0,0,
1387,Tyler Polumbus,WAS,29,rt,11,7,,,,,,,,,,,,1,1,0,0,0,
1388,Christian Ponder,MIN,26,qb,2,1,,,,,,,,,,,,1,1,0,0,0,
1389,Maurkice Pouncey*+,PIT,25,C,16,16,,,,,,,,,,,,1,1,0,0,0,
1390,Ronald Powell,NOR,23,,14,0,,,,,,,,,,,,2,1,1,0,0,
1391,Shaun Prater,MIN,25,,10,0,,,,,,,,,,,,1,1,0,0,0,
1392,Jay Prosch,HOU,22,fb,16,5,,,,,,,,,,,,3,1,2,0,0,
1393,Justin Pugh,NYG,24,RT,14,14,,,,,,0,0,2,-2,0,,1,1,0,0,0,
1394,,,,,,,,,,,,,,,,,,,,,,,
1395,Mike Purcell,SFO,23,,2,0,,,,,,,,,,,,1,1,0,0,0,
1396,Tanner Purdum,NYJ,28,,16,0,,,,,,,,,,,,1,1,0,0,0,
1397,Kelcy Quarles,IND,22,,2,0,0,0,0,0,1,,,,,,1.0,1,1,0,1,1,
1398,Brian Quick,STL,25,wr,7,7,,,,,,,,,,,,1,1,0,0,0,
1399,Dominic Raiola,DET,36,C,15,15,,,,,,0,1,0,0,0,,1,1,0,,,
1400,Kevin Reddick,2TM,25,,5,0,,,,,,0,0,1,0,0,,1,1,0,0,0,
1401,Riley Reiff,DET,26,LT,15,15,,,,,,0,0,1,0,0,,1,1,0,,,
1402,Dallas Reynolds,NYG,30,,15,0,,,,,,,,,,,,1,1,0,0,0,
1403,Garrett Reynolds,DET,27,rt,10,4,,,,,,1,0,0,0,0,,1,1,0,,,
1404,Paul Richardson,SEA,22,wr,15,6,,,,,,0,1,1,0,0,,1,1,0,0,0,
1405,Trent Richardson,IND,24,RB,15,12,,,,,,0,2,1,2,0,,1,1,0,0,0,
1406,Luther Robinson,GNB,23,,5,0,0,0,0,0,1,,,,,,,2,1,1,0,0,
1407,Richard Rodgers,GNB,22,te,16,5,,,,,,0,0,1,0,0,,1,1,0,0,0,
1408,Justin Rogers,WAS,26,,3,0,,,,,,,,,,,,1,1,0,0,0,
1409,Tony Romo*,DAL,34,QB,15,15,,,,,,0,9,4,-23,0,,1,1,0,0,0,
1410,Lowell Rose,MIA,24,,5,0,,,,,,,,,,,,1,1,0,0,0,
1411,Emmanuel Sanders*,DEN,27,WR,16,16,,,,,,0,1,0,0,0,,1,1,0,0,0,
1412,Bishop Sankey,TEN,22,RB,16,9,,,,,,0,2,0,0,0,,1,1,0,0,0,
1413,Cairo Santos,KAN,23,K,16,0,,,,,,,,,,,,1,1,0,0,0,
1414,Samson Satele,MIA,30,C,16,16,,,,,,0,0,1,0,0,,1,1,0,0,0,
1415,Jalen Saunders,4TM,22,,15,0,,,,,,0,2,1,0,0,,1,1,0,0,0,
1416,Trevor Scott,CHI,30,,9,0,,,,,,,,,,,,2,1,1,0,1,
1417,Greg Scruggs,SEA,24,,3,0,,,,,,,,,,,,2,1,1,1,1,
1418,Austin Seferian-Jenkins,TAM,22,TE,9,9,,,,,,0,1,0,0,0,,1,1,0,0,0,
1419,Lawrence Sidbury,TAM,28,,1,0,,,,,,,,,,,,1,1,0,0,0,
1420,Scott Simonson,OAK,22,,4,0,,,,,,,,,,,,1,1,0,0,0,
1421,Charles Sims,TAM,24,,8,0,,,,,,0,2,0,0,0,,1,1,0,0,0,
1422,Matt Slauson,CHI,28,lg,5,5,,,,,,,,,,,,1,1,0,0,0,
1423,Alfonso Smith,SFO,27,,6,0,,,,,,,,,,,,1,1,0,0,0,
1424,Andre Smith,CIN,27,RT/t,9,9,,,,,,,,,,,,1,1,0,0,0,
1425,,,,,,,,,,,,,,,,,,,,,,,
1426,Rodney Smith,2TM,24,,4,0,,,,,,,,,,,,1,1,0,0,0,
1427,Nate Solder,NWE,26,LT,16,16,,,,,,0,0,1,0,0,,1,1,0,0,0,
1428,Matt Spaeth,PIT,31,te/wr,15,8,,,,,,,,,,,,1,1,0,0,0,
1429,Darren Sproles*,PHI,31,,15,0,,,,,,0,4,2,-7,0,,1,1,0,0,0,
1430,Joe Staley*,SFO,30,LT,16,16,,,,,,,,,,,,1,1,0,0,0,
1431,Drew Stanton,ARI,30,QB,9,8,,,,,,0,1,0,0,0,,1,1,0,0,0,
1432,Justin Staples,TEN,25,,6,0,,,,,,,,,,,,3,1,2,0,0,
1433,James Starks,GNB,28,,16,0,,,,,,0,1,0,0,0,,1,1,0,0,0,
1434,Jonathan Stewart,CAR,27,RB,13,8,,,,,,0,3,1,0,0,,1,1,0,0,0,
1435,Kenny Stills,NOR,22,wr,15,7,,,,,,0,1,0,0,0,,1,1,0,0,0,
1436,Rod Streater,OAK,26,wr,3,3,,,,,,,,,,,,1,1,0,0,0,
1437,Tommy Streeter,JAX,25,,2,0,,,,,,,,,,,,1,1,0,0,0,
1438,Ryan Succop,TEN,28,K,16,0,,,,,,,,,,,,1,1,0,0,0,
1439,Will Svitek,TEN,32,lt,5,3,,,,,,,,,,,,1,1,0,0,0,
1440,Travis Swanson,DET,23,c/rg/te,16,5,,,,,,0,0,1,0,0,,1,1,0,0,0,
1441,Tyrod Taylor,BAL,25,,1,0,,,,,,,,,,,,1,1,0,0,0,
1442,Steven Terrell,SEA,24,,4,0,,,,,,,,,,,,2,1,1,0,0,
1443,Joe Thomas*+,CLE,30,LT,16,16,,,,,,,,,,,,1,1,0,0,0,
1444,Pierre Thomas,NOR,30,rb,11,3,,,,,,,,,,,,1,1,0,0,0,
1445,Hugh Thornton,IND,23,RG,10,8,,,,,,0,0,2,0,0,,1,1,0,0,0,
1446,Mike Tolbert,CAR,29,fb,8,6,,,,,,,,,,,,1,1,0,0,0,
1447,Korey Toomer,2TM,26,,8,0,,,,,,,,,,,,3,1,2,0,0,
1448,Will Tukuafu,SEA,30,fb,9,2,,,,,,,,,,,,2,1,1,0,0,
1449,Trai Turner,CAR,21,RG,13,9,,,,,,,,,,,,1,1,0,,,
1450,Mitch Unrein,DEN,27,,8,0,,,,,,,,,,,,1,1,0,0,0,
1451,John Urschel,BAL,23,lg/rg,11,3,,,,,,,,,,,,1,1,0,0,0,
1452,Fernando Velasco,CAR,29,g/lg/rg,13,7,,,,,,,,,,,,1,1,0,0,0,
1453,Michael Vick,NYJ,34,qb,10,3,,,,,,0,5,2,-5,0,,1,1,0,0,0,
1454,Delanie Walker,TEN,30,TE,15,14,,,,,,0,2,3,0,0,,1,1,0,0,0,
1455,Mike Wallace,MIA,28,WR,16,16,,,,,,0,2,0,0,0,,1,1,0,0,0,
1456,,,,,,,,,,,,,,,,,,,,,,,
1457,Larry Warford,DET,23,RG,13,13,,,,,,,,,,,,1,1,0,0,0,
1458,Chance Warmack,TEN,23,RG,16,16,,,,,,,,,,,,1,1,0,0,0,
1459,Greg Warren,PIT,33,,16,0,,,,,,,,,,,,3,1,2,0,0,
1460,Chris Watt,SDG,24,c,12,5,,,,,,,,,,,,1,1,0,0,0,
1461,Brandon Watts,MIN,23,,2,0,,,,,,,,,,,,1,1,0,0,0,
1462,Wes Welker,DEN,33,WR,14,8,,,,,,0,0,3,0,0,,1,1,0,0,0,
1463,Charcandrick West,KAN,23,,6,0,,,,,,,,,,,,1,1,0,0,0,
1464,Terrance West,CLE,23,rb,14,6,,,,,,0,2,0,0,0,,1,1,0,0,0,
1465,Griff Whalen,IND,24,,10,0,,,,,,0,2,1,0,0,,2,1,1,0,0,
1466,Roddy White,ATL,33,WR,14,14,,,,,,0,3,1,0,0,,1,1,0,0,0,
1467,Fozzy Whittaker,CAR,25,rb,10,1,,,,,,,,,,,,1,1,0,0,0,
1468,Andre Williams,NYG,22,rb/wr,16,7,,,,,,0,1,0,0,0,,1,1,0,0,0,
1469,Trent Williams*,WAS,26,LT,15,15,,,,,,,,,,,,1,1,0,0,0,
1470,Russell Wilson,SEA,26,QB,16,16,,,,,,0,13,9,-10,0,,1,1,0,0,0,
1471,Brad Wing,PIT,23,P,16,0,,,,,,0,1,1,-15,0,,1,1,0,0,0,
1472,Danny Woodhead,SDG,29,,3,0,,,,,,,,,,,,1,1,0,0,0,
1473,Jarius Wright,MIN,25,wr,16,7,,,,,,,,,,,,1,1,0,0,0,
1474,Christian Yount,CLE,26,,16,0,,,,,,0,1,0,0,0,,4,1,3,0,0,
1475,Greg Zuerlein,STL,27,K,16,0,,,,,,,,,,,,1,1,0,0,0,
1476,Jeremy Zuttah,BAL,28,C,16,16,,,,,,0,0,2,0,0,,1,1,0,0,0,
1477,Josh Allen,TAM,23,,3,0,,,,,,0,0,1,0,0,,,,,,,
1478,Ryan Allen,NWE,24,P,16,0,,,,,,0,0,1,0,0,,,,,,,
1479,Derek Anderson,CAR,31,qb,6,2,,,,,,0,2,2,-10,0,,,,,,,
1480,Alvin Bailey,SEA,23,lg/lt,14,5,,,,,,0,0,1,0,0,,,,,,,
1481,Alex Bayer,STL,24,,6,0,,,,,,0,0,1,0,0,,,,,,,
1482,Cole Beasley,DAL,25,wr,16,2,,,,,,0,2,1,0,0,,,,,,,
1483,Christo Bilukidi,BAL,25,,4,0,,,,,,,,,,,,3,0,3,0,0,
1484,Russell Bodine,CIN,22,C,16,16,,,,,,,,,,,,1,0,1,0,0,
1485,Kevin Boothe,OAK,31,,9,0,,,,,,0,0,1,0,0,,,,,,,
1486,Dwayne Bowe,KAN,30,WR,15,15,,,,,,0,2,1,0,0,,,,,,,
1487,,,,,,,,,,,,,,,,,,,,,,,
1488,Drew Brees*,NOR,35,QB,16,16,,,,,,0,7,4,-22,0,,,,,,,
1489,Justin Britt,SEA,23,RT,16,16,,,,,,0,0,1,0,0,,,,,,,
1490,Michael Buchanan,NWE,23,,3,0,,,,,,,,,,,,2,0,2,0,0,
1491,Bryan Bulaga,GNB,25,RT,15,15,,,,,,0,0,1,0,0,,,,,,,
1492,Isaiah Burse,DEN,23,,12,0,,,,,,0,3,1,0,0,,,,,,,
1493,Ka'Deem Carey,CHI,22,,14,0,,,,,,0,0,1,0,0,,1,0,1,0,0,
1494,Matt Cassel,MIN,32,qb,3,3,,,,,,0,3,2,-29,0,,,,,,,
1495,Chris Chester,WAS,31,RG,16,16,,,,,,0,0,1,0,0,,,,,,,
1496,Charles Clay,MIA,25,TE,14,14,,,,,,0,0,2,0,0,,,,,,,
1497,Derrick Coleman,SEA,24,fb,5,1,,,,,,,,,,,,1,0,1,0,0,
1498,Britton Colquitt,DEN,29,P,16,0,,,,,,0,1,1,0,0,,1,0,1,0,0,
1499,Jon Condo,OAK,33,,16,0,,,,,,0,0,1,0,0,,3,0,3,0,0,
1500,Dan Connolly,NWE,32,c/LG/rg,13,13,,,,,,0,0,1,0,0,,1,0,1,0,0,
1501,Isaiah Crowell,CLE,21,rb,16,4,,,,,,0,3,2,0,0,,,,,,,
1502,Austin Davis,STL,25,QB,10,8,,,,,,0,5,2,-6,0,,,,,,,
1503,Knile Davis,KAN,23,rb,16,1,,,,,,0,4,1,0,0,,,,,,,
1504,James Develin,NWE,26,fb/rb,16,4,,,,,,0,1,1,0,0,,,,,,,
1505,Mike DeVito,KAN,30,de,1,1,0,0,0,0,1,,,,,,,1,0,1,0,0,
1506,Jim Dray,CLE,28,TE,16,8,,,,,,,,,,,,1,0,1,0,0,
1507,Jahri Evans*,NOR,31,RG,16,16,,,,,,0,0,1,0,0,,,,,,,
1508,Jerome Felton,MIN,28,fb,16,3,,,,,,0,0,1,0,1,,,,,,,
1509,Ryan Fitzpatrick,HOU,32,QB,12,12,,,,,,0,5,4,-2,0,,,,,,,
1510,Antonio Gates,SDG,34,TE,16,14,,,,,,0,1,1,0,0,,,,,,,
1511,Jermaine Gresham,CIN,26,TE,15,15,,,,,,0,3,2,0,0,,,,,,,
1512,Robert Griffin,WAS,24,qb,9,7,,,,,,0,9,3,-7,0,,,,,,,
1513,Josh Harris,PIT,23,,5,0,,,,,,0,0,1,0,0,,,,,,,
1514,Seantrel Henderson,BUF,22,RT,16,16,,,,,,0,0,1,0,0,,,,,,,
1515,Shaun Hill,STL,34,QB,9,8,,,,,,0,7,4,-5,0,,1,0,1,0,0,
1516,Chris Hogan,BUF,27,wr,16,2,,,,,,0,2,0,0,0,,1,0,1,0,0,
1517,Trindon Holliday,3TM,28,,2,0,,,,,,0,1,1,0,0,,,,,,,
1518,,,,,,,,,,,,,,,,,,,,,,,
1519,Khaled Holmes,IND,24,c,5,2,,,,,,0,0,1,0,0,,,,,,,
1520,Duke Ihenacho,WAS,25,,3,0,,,,,,,,,,,,1,0,1,0,0,
1521,Chris Ivory,NYJ,26,RB,16,10,,,,,,0,2,1,0,0,,,,,,,
1522,Fred Jackson,BUF,33,RB,14,9,,,,,,0,5,4,0,0,,,,,,,
1523,Rashad Jennings,NYG,29,RB,11,9,,,,,,0,1,0,0,0,,1,0,1,0,0,
1524,Jerrel Jernigan,NYG,25,wr,2,1,,,,,,,,,,,,1,0,1,0,0,
1525,Jacoby Jones,BAL,30,,16,0,,,,,,0,4,2,0,0,,,,,,,
1526,James Jones,OAK,30,WR,16,10,,,,,,0,3,1,0,0,,,,,,,
1527,Akeem Jordan,WAS,29,,2,0,,,,,,,,,,,,1,0,1,0,0,
1528,Colin Kaepernick,SFO,27,QB,16,16,,,,,,0,8,3,-6,0,,,,,,,
1529,Travis Kelce,KAN,25,TE,16,11,,,,,,0,4,1,0,1,,,,,,,
1530,L.P. Ladouceur*,DAL,33,,16,0,,,,,,,,,,,,1,0,1,0,0,
1531,T.J. Lang,GNB,27,RG,16,16,,,,,,0,0,1,0,0,,,,,,,
1532,Spencer Lanning,CLE,26,P,16,0,,,,,,0,0,1,0,0,,,,,,,
1533,Andy Lee,SFO,32,P,16,0,,,,,,0,1,1,0,0,,,,,,,
1534,Robert Lester,CAR,26,,1,0,,,,,,,,,,,,1,0,1,0,0,
1535,Kory Lichtensteiger,WAS,29,C,16,16,,,,,,0,0,2,0,0,,,,,,,
1536,Ryan Lindley,2TM,25,,3,2,,,,,,0,2,2,0,0,,,,,,,
1537,Phil Loadholt,MIN,28,RT,11,11,,,,,,0,0,1,0,0,,,,,,,
1538,Jake Locker,TEN,26,qb,7,5,,,,,,0,3,2,-2,0,,,,,,,
1539,Kyle Love,CAR,28,,0,1,,,,,,,,,,,,1,0,1,,,
1540,Marshawn Lynch*,SEA,28,RB,16,14,,,,,,0,4,1,-1,0,,,,,,,
1541,EJ Manuel,BUF,24,qb,5,4,,,,,,0,1,1,0,0,,,,,,,
1542,Johnny Manziel,CLE,22,qb,5,2,,,,,,0,1,1,0,0,,,,,,,
1543,Ryan Mathews,SDG,27,rb,6,6,,,,,,0,1,1,0,0,,,,,,,
1544,Colt McCoy,WAS,28,qb,5,4,,,,,,0,6,2,-1,0,,,,,,,
1545,Jacobbi McDaniel,CLE,25,,1,0,0,0,0,0,1,,,,,,,,,,,,
1546,Steven Means,2TM,24,,2,0,,,,,,,,,,,,1,0,1,0,0,
1547,Zach Moore,NWE,24,de,8,1,,,,,,1,0,1,0,0,0.5,4,0,4,0,1,
1548,Santana Moss,WAS,35,,10,0,,,,,,0,0,1,5,0,,,,,,,
1549,,,,,,,,,,,,,,,,,,,,,,,
1550,Brandon Myers,TAM,29,te/wr,14,6,,,,,,0,0,1,0,0,,,,,,,
1551,Ryan Nassib,NYG,24,,4,0,,,,,,0,1,1,0,0,,,,,,,
1552,Brad Nortman,CAR,25,P,16,0,,,,,,0,1,1,0,0,,,,,,,
1553,Kyle Orton,BUF,32,QB,12,12,,,,,,0,3,1,0,0,,,,,,,
1554,Montell Owens,2TM,30,,6,0,,,,,,,,,,,,1,0,1,0,0,
1555,Solomon Patton,2TM,24,,13,0,,,,,,0,1,1,0,0,,,,,,,
1556,Adrian Phillips,SDG,22,,3,0,,,,,,,,,,,,1,0,1,0,0,
1557,Andrew Quarless,GNB,26,TE,16,11,,,,,,0,0,1,0,0,,,,,,,
1558,Caraun Reid,DET,23,,12,0,0,0,0,0,1,,,,,,,2,0,2,0,0,
1559,Mike Remmers,2TM,25,,5,5,,,,,,,,,,,,1,0,1,,,
1560,Chad Rinehart,SDG,29,LG,16,16,,,,,,0,0,1,0,0,,,,,,,
1561,Philip Rivers,SDG,33,QB,16,16,,,,,,0,8,5,-18,0,,,,,,,
1562,Travian Robertson,3TM,26,,2,0,,,,,,,,,,,,1,0,1,0,0,
1563,Courtney Roby,ATL,31,,4,0,,,,,,,,,,,,1,0,1,0,0,
1564,Ben Roethlisberger*,PIT,32,QB,16,16,,,,,,0,9,2,-41,0,,,,,,,
1565,Jon Ryan,SEA,33,P,16,0,,,,,,0,2,1,-15,0,,,,,,,
1566,Garrison Sanborn,BUF,29,,16,0,,,,,,,,,,,,2,0,2,0,0,
1567,Mark Sanchez,PHI,28,QB,9,8,,,,,,0,7,3,-31,0,,,,,,,
1568,Ace Sanders,JAX,23,,12,0,,,,,,0,2,1,0,0,,,,,,,
1569,Dane Sanzenbacher,CIN,26,wr,10,1,1,6,0,6,1,0,1,0,0,0,,,,,,,
1570,Tom Savage,HOU,24,,2,0,,,,,,0,2,1,-8,0,,,,,,,
1571,Matt Schaub,OAK,33,,11,0,,,,,,0,3,1,0,0,,,,,,,
1572,Ryan Schraeder,ATL,26,RT/te,13,10,,,,,,0,0,1,0,0,,,,,,,
1573,Derek Sherrod,GNB,25,rt,8,1,,,,,,0,0,1,0,0,,,,,,,
1574,Dion Sims,MIA,23,te/wr,14,2,,,,,,0,0,1,0,0,,,,,,,
1575,Rob Sims,DET,31,LG,16,16,,,,,,0,0,1,0,0,,,,,,,
1576,C.J. Spiller,BUF,27,rb,9,5,,,,,,0,3,1,0,0,,,,,,,
1577,Byron Stingily,TEN,26,rt/te,10,5,,,,,,0,0,1,0,0,,,,,,,
1578,Bryan Stork,NWE,24,C,13,11,,,,,,,,,,,,1,0,1,0,0,
1579,Zach Strief,NOR,31,RT,16,16,,,,,,0,0,1,0,0,,,,,,,
1580,,,,,,,,,,,,,,,,,,,,,,,
1581,Xavier Su'a-Filo,HOU,23,rg,13,1,,,,,,,,,,,,1,0,1,,,
1582,Marcus Thigpen,3TM,28,,9,0,,,,,,0,2,1,0,0,,,,,,,
1583,De'Anthony Thomas,KAN,21,wr,12,3,,,,,,0,0,1,0,0,,,,,,,
1584,Jared Veldheer,ARI,27,LT,16,16,,,,,,0,0,1,0,0,,,,,,,
1585,Bryan Walters,SEA,27,,13,0,,,,,,,,,,,,1,0,1,,,
1586,J.D. Walton,NYG,27,C,16,16,,,,,,0,0,1,0,0,,,,,,,
1587,Nate Washington,TEN,31,WR,16,11,,,,,,,,,,,,1,0,1,0,0,
1588,Earl Watford,ARI,24,,10,0,,,,,,0,0,1,0,0,,,,,,,
1589,Menelik Watson,OAK,26,RT/te,12,9,,,,,,0,0,1,0,0,,1,0,1,0,0,
1590,Scott Wells,STL,33,C,16,16,,,,,,0,4,1,-33,0,,1,0,1,0,0,
1591,James White,NWE,22,,3,0,,,,,,0,0,1,0,0,,,,,,,
1592,Charlie Whitehurst,TEN,32,qb,7,5,,,,,,0,3,2,0,0,,,,,,,
