,Player,Tm,Age,Pos,G,GS,Tgt,Rec,Ctch%,Yds,Y/R,TD,Lng,Y/Tgt,R/G,Y/G,Fmb
0,Antonio Brown*+,PIT,26,WR,16,16,181,129,71.3%,1698,13.2,13,63,9.4,8.1,106.1,2
1,Demaryius Thomas*,DEN,27,WR,16,16,184,111,60.3%,1619,14.6,11,86,8.8,6.9,101.2,0
2,Julio Jones*,ATL,25,WR,15,15,163,104,63.8%,1593,15.3,6,79,9.8,6.9,106.2,2
3,Matt Forte,CHI,29,RB,16,16,130,102,78.5%,808,7.9,4,56,6.2,6.4,50.5,2
4,Emmanuel Sanders*,DEN,27,WR,16,16,141,101,71.6%,1404,13.9,9,48,10.0,6.3,87.8,1
5,Golden Tate*,DET,26,WR,16,16,144,99,68.8%,1331,13.4,4,73,9.2,6.2,83.2,1
6,Jordy Nelson*,GNB,29,WR,16,16,151,98,64.9%,1519,15.5,13,80,10.1,6.1,94.9,0
7,Julian Edelman,NWE,28,WR,14,13,134,92,68.7%,972,10.6,4,69,7.3,6.6,69.4,5
8,Odell Beckham*,NYG,22,WR,12,11,130,91,70.0%,1305,14.3,12,80,10.0,7.6,108.8,1
9,Randall Cobb*,GNB,24,WR,16,16,127,91,71.7%,1287,14.1,12,70,10.1,5.7,80.4,4
10,Martellus Bennett*,CHI,27,TE,16,15,128,90,70.3%,916,10.2,6,37,7.2,5.6,57.3,0
11,Dez Bryant*+,DAL,26,WR,16,16,136,88,64.7%,1320,15.0,16,68,9.7,5.5,82.5,1
12,Jimmy Graham*,NOR,28,TE,16,13,125,85,68.0%,889,10.5,10,29,7.1,5.3,55.6,2
13,Alshon Jeffery,CHI,24,WR,16,16,145,85,58.6%,1133,13.3,10,74,7.8,5.3,70.8,1
14,Andre Johnson,HOU,33,WR,15,15,146,85,58.2%,936,11.0,3,35,6.4,5.7,62.4,3
15,Jeremy Maclin,PHI,26,WR,16,16,143,85,59.4%,1318,15.5,10,72,9.2,5.3,82.4,0
16,Jarvis Landry,MIA,22,WR,16,11,112,84,75.0%,758,9.0,5,25,6.8,5.3,47.4,7
17,Greg Olsen*,CAR,29,TE,16,16,123,84,68.3%,1008,12.0,6,38,8.2,5.3,63.0,1
18,Le'Veon Bell*+,PIT,22,RB,16,16,105,83,79.0%,854,10.3,3,48,8.1,5.2,53.4,0
19,Anquan Boldin,SFO,34,WR,16,16,130,83,63.8%,1062,12.8,5,76,8.2,5.2,66.4,0
20,Rob Gronkowski*+,NWE,25,TE,15,10,131,82,62.6%,1124,13.7,12,46,8.6,5.5,74.9,0
21,T.Y. Hilton*,IND,25,WR,15,15,131,82,62.6%,1345,16.4,7,73,10.3,5.5,89.7,3
22,Roddy White,ATL,33,WR,14,14,125,80,64.0%,921,11.5,7,39,7.4,5.7,65.8,3
23,Steve Smith,BAL,35,WR,16,16,134,79,59.0%,1065,13.5,6,80,7.9,4.9,66.6,1
24,Keenan Allen,SDG,22,WR,14,14,121,77,63.6%,783,10.2,4,35,6.5,5.5,55.9,2
25,DeAndre Hopkins,HOU,22,WR,16,16,127,76,59.8%,1210,15.9,6,76,9.5,4.8,75.6,2
26,Eric Decker,NYJ,27,WR,15,15,115,74,64.3%,962,13.0,5,74,8.4,4.9,64.1,0
27,Brandon LaFell,NWE,28,WR,16,13,119,74,62.2%,953,12.9,7,56,8.0,4.6,59.6,1
28,Kelvin Benjamin,CAR,23,WR,16,15,145,73,50.3%,1008,13.8,9,51,7.0,4.6,63.0,1
29,,,,,,,,,,,,,,,,,
30,James Jones,OAK,30,WR,16,10,112,73,65.2%,666,9.1,6,42,5.9,4.6,41.6,3
31,Calvin Johnson*,DET,29,WR,13,13,128,71,55.5%,1077,15.2,8,67,8.4,5.5,82.8,0
32,Rueben Randle,NYG,23,WR,16,13,127,71,55.9%,938,13.2,3,49,7.4,4.4,58.6,0
33,Vincent Jackson,TAM,31,WR,16,16,142,70,49.3%,1002,14.3,2,50,7.1,4.4,62.6,1
34,Antonio Gates,SDG,34,TE,16,14,98,69,70.4%,821,11.9,12,34,8.4,4.3,51.3,1
35,A.J. Green*,CIN,26,WR,13,13,117,69,59.0%,1041,15.1,6,81,8.9,5.3,80.1,3
36,Michael Crabtree,SFO,27,WR,16,16,108,68,63.0%,698,10.3,4,51,6.5,4.3,43.6,0
37,Mike Evans,TAM,21,WR,15,15,122,68,55.7%,1051,15.5,12,56,8.6,4.5,70.1,0
38,Pierre Garcon,WAS,28,WR,16,14,105,68,64.8%,752,11.1,3,70,7.2,4.3,47.0,0
39,Travis Kelce,KAN,25,TE,16,11,87,67,77.0%,862,12.9,5,34,9.9,4.2,53.9,4
40,Jordan Matthews,PHI,22,WR,16,10,103,67,65.0%,872,13.0,8,44,8.5,4.2,54.5,0
41,Mike Wallace,MIA,28,WR,16,16,115,67,58.3%,862,12.9,10,50,7.5,4.2,53.9,2
42,Doug Baldwin,SEA,26,WR,16,16,98,66,67.3%,825,12.5,3,49,8.4,4.1,51.6,1
43,Fred Jackson,BUF,33,RB,14,9,90,66,73.3%,501,7.6,1,34,5.6,4.7,35.8,5
44,Heath Miller,PIT,32,TE,16,16,91,66,72.5%,761,11.5,3,49,8.4,4.1,47.6,2
45,Sammy Watkins,BUF,21,WR,16,16,128,65,50.8%,982,15.1,6,84,7.7,4.1,61.4,1
46,Robert Woods,BUF,22,WR,16,15,104,65,62.5%,699,10.8,5,37,6.7,4.1,43.7,1
47,Reggie Wayne,IND,36,WR,15,15,116,64,55.2%,779,12.2,2,80,6.7,4.3,51.9,1
48,Jason Witten*,DAL,32,TE,16,16,90,64,71.1%,703,11.0,5,34,7.8,4.0,43.9,0
49,Larry Donnell,NYG,26,TE,16,12,92,63,68.5%,623,9.9,6,32,6.8,3.9,38.9,4
50,Larry Fitzgerald,ARI,31,WR,14,13,103,63,61.2%,784,12.4,2,80,7.6,4.5,56.0,1
51,Andrew Hawkins,CLE,28,WR,15,15,112,63,56.3%,824,13.1,2,65,7.4,4.2,54.9,0
52,Kenny Stills,NOR,22,wr,15,7,83,63,75.9%,931,14.8,3,69,11.2,4.2,62.1,1
53,Delanie Walker,TEN,30,TE,15,14,106,63,59.4%,890,14.1,4,68,8.4,4.2,59.3,2
54,Jermaine Gresham,CIN,26,TE,15,15,79,62,78.5%,460,7.4,5,23,5.8,4.1,30.7,3
55,Eddie Royal,SDG,28,WR,16,11,91,62,68.1%,778,12.5,7,47,8.5,3.9,48.6,1
56,Brandon Marshall,CHI,30,WR,13,13,106,61,57.5%,721,11.8,8,47,6.8,4.7,55.5,1
57,Dwayne Bowe,KAN,30,WR,15,15,95,60,63.2%,754,12.6,0,37,7.9,4.0,50.3,2
58,Marques Colston,NOR,31,WR,16,13,100,59,59.0%,902,15.3,5,57,9.0,3.7,56.4,1
59,Greg Jennings,MIN,31,WR,16,13,92,59,64.1%,742,12.6,6,38,8.1,3.7,46.4,1
60,,,,,,,,,,,,,,,,,
61,Charles Clay,MIA,25,TE,14,14,84,58,69.0%,605,10.4,3,41,7.2,4.1,43.2,0
62,Zach Ertz,PHI,24,te,16,5,89,58,65.2%,702,12.1,3,35,7.9,3.6,43.9,1
63,Mychal Rivera,OAK,24,TE,16,10,99,58,58.6%,534,9.2,4,33,5.4,3.6,33.4,3
64,DeMarco Murray*+,DAL,26,RB,16,16,64,57,89.1%,416,7.3,0,34,6.5,3.6,26.0,6
65,Kendall Wright,TEN,25,WR,14,11,93,57,61.3%,715,12.5,6,48,7.7,4.1,51.1,1
66,DeSean Jackson,WAS,28,WR,15,13,95,56,58.9%,1169,20.9,6,81,12.3,3.7,77.9,0
67,Mohamed Sanu,CIN,25,WR,16,13,98,56,57.1%,790,14.1,5,76,8.1,3.5,49.4,0
68,Riley Cooper,PHI,27,WR,16,16,95,55,57.9%,577,10.5,3,50,6.1,3.4,36.1,1
69,Brandin Cooks,NOR,21,wr,10,7,69,53,76.8%,550,10.4,3,50,8.0,5.3,55.0,1
70,Cecil Shorts,JAX,27,WR,13,12,110,53,48.2%,557,10.5,1,53,5.1,4.1,42.8,1
71,Markus Wheaton,PIT,23,WR,16,11,86,53,61.6%,644,12.2,2,47,7.5,3.3,40.3,0
72,Jared Cook,STL,27,te,16,6,99,52,52.5%,634,12.2,3,59,6.4,3.3,39.6,0
73,Malcom Floyd,SDG,33,WR,16,16,92,52,56.5%,856,16.5,6,59,9.3,3.3,53.5,0
74,Shane Vereen,NWE,25,rb,16,6,77,52,67.5%,447,8.6,3,49,5.8,3.3,27.9,0
75,Harry Douglas,ATL,30,wr,12,6,74,51,68.9%,556,10.9,2,41,7.5,4.3,46.3,0
76,Coby Fleener,IND,26,TE,16,12,92,51,55.4%,774,15.2,8,73,8.4,3.2,48.4,0
77,Percy Harvin,2TM,26,,13,12,78,51,65.4%,483,9.5,1,45,6.2,3.9,37.2,3
78,Allen Hurns,JAX,23,wr,16,8,97,51,52.6%,677,13.3,6,63,7.0,3.2,42.3,0
79,Jordan Reed,WAS,24,te,11,2,65,50,76.9%,465,9.3,0,30,7.2,4.5,42.3,1
80,Torrey Smith,BAL,25,WR,16,16,92,49,53.3%,767,15.7,11,53,8.3,3.1,47.9,0
81,Wes Welker,DEN,33,WR,14,8,64,49,76.6%,464,9.5,2,39,7.3,3.5,33.1,0
82,Kenny Britt,STL,26,WR,16,13,84,48,57.1%,748,15.6,3,63,8.9,3.0,46.8,0
83,John Brown,ARI,24,wr,16,5,102,48,47.1%,696,14.5,5,75,6.8,3.0,43.5,0
84,Jerricho Cotchery,CAR,32,WR,15,13,78,48,61.5%,580,12.1,1,47,7.4,3.2,38.7,0
85,Owen Daniels,BAL,32,TE,15,13,79,48,60.8%,527,11.0,4,39,6.7,3.2,35.1,0
86,Allen Robinson,JAX,21,WR,10,8,81,48,59.3%,548,11.4,2,54,6.8,4.8,54.8,0
87,Miles Austin,CLE,30,WR,12,11,73,47,64.4%,568,12.1,2,31,7.8,3.9,47.3,0
88,Scott Chandler,BUF,29,te,16,5,70,47,67.1%,497,10.6,3,37,7.1,2.9,31.1,0
89,Michael Floyd,ARI,25,WR,16,14,99,47,47.5%,841,17.9,6,63,8.5,2.9,52.6,4
90,Andre Holmes,OAK,26,WR,16,13,99,47,47.5%,693,14.7,4,77,7.0,2.9,43.3,0
91,,,,,,,,,,,,,,,,,
92,Andre Ellington,ARI,25,RB,12,12,64,46,71.9%,395,8.6,2,81,6.2,3.8,32.9,2
93,Benny Cunningham,STL,24,rb,16,2,52,45,86.5%,352,7.8,1,19,6.8,2.8,22.0,2
94,Pierre Thomas,NOR,30,rb,11,3,55,45,81.8%,378,8.4,1,39,6.9,4.1,34.4,0
95,Matt Asiata,MIN,27,fb/RB,15,9,63,44,69.8%,312,7.1,1,41,5.0,2.9,20.8,1
96,Justin Forsett*,BAL,29,RB,16,14,59,44,74.6%,263,6.0,0,26,4.5,2.8,16.4,2
97,Giovani Bernard,CIN,23,RB,13,9,59,43,72.9%,349,8.1,2,46,5.9,3.3,26.8,0
98,Julius Thomas*,DEN,26,TE,13,10,62,43,69.4%,489,11.4,12,35,7.9,3.3,37.6,1
99,Roy Helu,WAS,26,,14,0,47,42,89.4%,477,11.4,2,55,10.1,3.0,34.1,2
100,Eddie Lacy,GNB,24,RB,16,16,55,42,76.4%,427,10.2,4,67,7.8,2.6,26.7,3
101,Jarius Wright,MIN,25,wr,16,7,62,42,67.7%,588,14.0,2,87,9.5,2.6,36.8,0
102,Chris Hogan,BUF,27,wr,16,2,61,41,67.2%,426,10.4,4,31,7.0,2.6,26.6,2
103,Reggie Bush,DET,29,RB,11,9,56,40,71.4%,253,6.3,0,28,4.5,3.6,23.0,1
104,Jamaal Charles*,KAN,28,RB,15,15,59,40,67.8%,291,7.3,5,30,4.9,2.7,19.4,5
105,Darren Sproles*,PHI,31,,15,0,62,40,64.5%,387,9.7,0,57,6.2,2.7,25.8,4
106,Nate Washington,TEN,31,WR,16,11,72,40,55.6%,647,16.2,2,80,9.0,2.5,40.4,0
107,Brian Hartline,MIA,28,WR,16,16,63,39,61.9%,474,12.2,2,35,7.5,2.4,29.6,0
108,Niles Paul,WAS,25,te/wr,16,7,52,39,75.0%,507,13.0,1,50,9.8,2.4,31.7,1
109,Davante Adams,GNB,22,WR,16,11,66,38,57.6%,446,11.7,3,45,6.8,2.4,27.9,0
110,Jace Amaro,NYJ,22,te/wr,14,4,53,38,71.7%,345,9.1,2,43,6.5,2.7,24.6,1
111,Ahmad Bradshaw,IND,28,rb,10,1,47,38,80.9%,300,7.9,6,22,6.4,3.8,30.0,3
112,Travaris Cadet,NOR,25,rb,15,1,51,38,74.5%,296,7.8,1,31,5.8,2.5,19.7,2
113,Arian Foster*,HOU,28,RB,13,13,59,38,64.4%,327,8.6,5,56,5.5,2.9,25.2,2
114,Devin Hester*,ATL,32,wr,16,1,59,38,64.4%,504,13.3,2,46,8.5,2.4,31.5,2
115,Jermaine Kearse,SEA,24,WR,15,14,69,38,55.1%,537,14.1,1,60,7.8,2.5,35.8,0
116,Jeremy Kerley,NYJ,26,wr,16,7,75,38,50.7%,409,10.8,1,33,5.5,2.4,25.6,1
117,Lamar Miller,MIA,23,RB,16,16,52,38,73.1%,275,7.2,1,20,5.3,2.4,17.2,3
118,Hakeem Nicks,IND,26,wr,16,6,68,38,55.9%,405,10.7,4,29,6.0,2.4,25.3,0
119,Cole Beasley,DAL,25,wr,16,2,49,37,75.5%,420,11.4,4,45,8.6,2.3,26.3,2
120,Marqise Lee,JAX,23,WR,13,8,69,37,53.6%,422,11.4,1,37,6.1,2.8,32.5,0
121,Marshawn Lynch*,SEA,28,RB,16,14,48,37,77.1%,367,9.9,4,39,7.6,2.3,22.9,4
122,,,,,,,,,,,,,,,,,
123,Marcel Reece*,OAK,29,FB,15,15,59,37,62.7%,265,7.2,1,19,4.5,2.5,17.7,1
124,Terrance Williams,DAL,25,WR,16,16,66,37,56.1%,621,16.8,8,51,9.4,2.3,38.8,0
125,Taylor Gabriel,CLE,23,wr,16,2,72,36,50.0%,621,17.3,1,70,8.6,2.3,38.8,0
126,Darren McFadden,OAK,27,RB,16,12,56,36,64.3%,212,5.9,0,23,3.8,2.3,13.3,1
127,Branden Oliver,SDG,23,rb,14,7,45,36,80.0%,271,7.5,1,50,6.0,2.6,19.4,0
128,Preston Parker,NYG,27,wr,16,7,56,36,64.3%,418,11.6,2,42,7.5,2.3,26.1,2
129,Andre Roberts,WAS,26,wr,16,4,73,36,49.3%,453,12.6,2,61,6.2,2.3,28.3,4
130,Steve Johnson,SFO,28,wr,13,1,50,35,70.0%,435,12.4,3,32,8.7,2.7,33.5,0
131,C.J. Anderson*,DEN,23,rb,15,7,44,34,77.3%,324,9.5,2,51,7.4,2.3,21.6,1
132,Jason Avant,2TM,31,,16,0,62,34,54.8%,353,10.4,1,41,5.7,2.1,22.1,0
133,Joique Bell,DET,28,rb,15,6,53,34,64.2%,322,9.5,1,28,6.1,2.3,21.5,5
134,Theo Riddick,DET,23,rb,14,2,50,34,68.0%,316,9.3,4,41,6.3,2.4,22.6,0
135,John Carlson,ARI,30,rb/TE,16,12,55,33,60.0%,350,10.6,1,32,6.4,2.1,21.9,0
136,Cordarrelle Patterson,MIN,23,wr,16,7,67,33,49.3%,384,11.6,1,28,5.7,2.1,24.0,1
137,Bobby Rainey,TAM,27,rb,15,5,45,33,73.3%,315,9.5,1,34,7.0,2.2,21.0,3
138,Brent Celek,PHI,29,TE,16,15,51,32,62.7%,340,10.6,1,37,6.7,2.0,21.3,1
139,Donte Moncrief,IND,21,wr,16,2,49,32,65.3%,444,13.9,3,79,9.1,2.0,27.8,0
140,Tavon Austin,STL,24,WR,15,8,44,31,70.5%,242,7.8,0,28,5.5,2.1,16.1,5
141,Charles Johnson,MIN,25,wr,12,6,59,31,52.5%,475,15.3,2,56,8.1,2.6,39.6,1
142,Damaris Johnson,HOU,25,WR,16,8,49,31,63.3%,331,10.7,1,44,6.8,1.9,20.7,2
143,Louis Murphy,TAM,27,wr,11,3,56,31,55.4%,380,12.3,2,54,6.8,2.8,34.5,1
144,Levine Toilolo,ATL,23,TE,16,16,54,31,57.4%,238,7.7,2,20,4.4,1.9,14.9,1
145,Stedman Bailey,STL,24,wr,14,3,46,30,65.2%,435,14.5,1,38,9.5,2.1,31.1,0
146,Devonta Freeman,ATL,22,,16,0,37,30,81.1%,225,7.5,1,36,6.1,1.9,14.1,1
147,Rashad Jennings,NYG,29,RB,11,9,41,30,73.2%,226,7.5,0,27,5.5,2.7,20.5,1
148,Dwayne Allen,IND,24,fb/TE,13,13,50,29,58.0%,395,13.6,8,41,7.9,2.2,30.4,1
149,Donald Brown,SDG,27,rb,13,3,41,29,70.7%,211,7.3,0,24,5.1,2.2,16.2,1
150,Brandon Gibson,MIA,27,wr,14,5,51,29,56.9%,295,10.2,1,40,5.8,2.1,21.1,2
151,Mark Ingram*,NOR,25,RB,13,9,36,29,80.6%,145,5.0,0,14,4.0,2.2,11.2,3
152,Andrew Quarless,GNB,26,TE,16,11,46,29,63.0%,323,11.1,3,34,7.0,1.8,20.2,0
153,,,,,,,,,,,,,,,,,
154,Paul Richardson,SEA,22,wr,15,6,44,29,65.9%,271,9.3,1,32,6.2,1.9,18.1,1
155,Jacquizz Rodgers,ATL,24,rb,16,1,40,29,72.5%,173,6.0,1,14,4.3,1.8,10.8,1
156,Justin Hunter,TEN,23,WR,12,8,67,28,41.8%,498,17.8,3,75,7.4,2.3,41.5,0
157,LeSean McCoy*,PHI,26,RB,16,16,37,28,75.7%,155,5.5,0,18,4.2,1.8,9.7,4
158,Danny Amendola,NWE,29,wr,16,4,42,27,64.3%,200,7.4,1,21,4.8,1.7,12.5,1
159,Jeremy Hill,CIN,22,RB,16,8,32,27,84.4%,215,8.0,0,38,6.7,1.7,13.4,5
160,Lance Kendricks,STL,26,TE/wr,16,14,38,27,71.1%,259,9.6,5,23,6.8,1.7,16.2,0
161,Jerick McKinnon,MIN,22,rb,11,6,41,27,65.9%,135,5.0,0,17,3.3,2.5,12.3,0
162,Trent Richardson,IND,24,RB,15,12,34,27,79.4%,229,8.5,0,24,6.7,1.8,15.3,2
163,Martavis Bryant,PIT,23,wr,10,3,48,26,54.2%,549,21.1,8,94,11.4,2.6,54.9,0
164,Vernon Davis,SFO,30,TE,14,14,50,26,52.0%,245,9.4,2,29,4.9,1.9,17.5,0
165,Clay Harbor,JAX,27,TE,13,8,35,26,74.3%,289,11.1,1,59,8.3,2.0,22.2,0
166,Dexter McCluster,TEN,25,rb,14,2,36,26,72.2%,197,7.6,1,25,5.5,1.9,14.1,1
167,Tim Wright,NWE,24,te/wr,16,2,33,26,78.8%,259,10.0,6,30,7.8,1.6,16.2,0
168,Eric Ebron,DET,21,te,13,7,47,25,53.2%,248,9.9,1,22,5.3,1.9,19.1,0
169,Anthony Fasano,KAN,30,TE,15,13,36,25,69.4%,226,9.0,4,22,6.3,1.7,15.1,0
170,Brian Quick,STL,25,wr,7,7,39,25,64.1%,375,15.0,3,51,9.6,3.6,53.6,0
171,Jonathan Stewart,CAR,27,RB,13,8,31,25,80.6%,181,7.2,1,22,5.8,1.9,13.9,3
172,Jordan Todman,JAX,24,rb,16,1,37,25,67.6%,198,7.9,1,26,5.4,1.6,12.4,0
173,Kamar Aiken,BAL,25,,16,0,32,24,75.0%,267,11.1,3,24,8.3,1.5,16.7,0
174,Marlon Brown,BAL,23,wr,14,1,31,24,77.4%,255,10.6,0,22,8.2,1.7,18.2,0
175,Jordan Cameron,CLE,26,TE,10,9,48,24,50.0%,424,17.7,2,81,8.8,2.4,42.4,0
176,Josh Gordon,CLE,23,wr,5,5,47,24,51.1%,303,12.6,0,32,6.4,4.8,60.6,0
177,Chris Johnson,NYJ,29,rb,16,6,34,24,70.6%,151,6.3,1,26,4.4,1.5,9.4,1
178,Jeremy Ross,DET,26,fb/WR,16,13,35,24,68.6%,314,13.1,1,59,9.0,1.5,19.6,5
179,Kyle Rudolph,MIN,25,TE,9,8,34,24,70.6%,231,9.6,2,23,6.8,2.7,25.7,1
180,Dion Sims,MIA,23,te/wr,14,2,36,24,66.7%,284,11.8,2,38,7.9,1.7,20.3,0
181,Victor Cruz,NYG,28,wr,6,6,41,23,56.1%,337,14.7,1,61,8.2,3.8,56.2,0
182,Jeff Cumberland,NYJ,27,TE,16,14,47,23,48.9%,247,10.7,3,28,5.3,1.4,15.4,0
183,Chase Ford,MIN,24,te,11,5,35,23,65.7%,258,11.2,1,22,7.4,2.1,23.5,0
184,,,,,,,,,,,,,,,,,
185,Denard Robinson,JAX,24,RB,13,9,31,23,74.2%,124,5.4,0,19,4.0,1.8,9.5,2
186,De'Anthony Thomas,KAN,21,wr,12,3,31,23,74.2%,156,6.8,0,30,5.0,1.9,13.0,0
187,Jaron Brown,ARI,24,wr,16,2,32,22,68.8%,229,10.4,2,26,7.2,1.4,14.3,1
188,Brandon Myers,TAM,29,te/wr,14,6,32,22,68.8%,190,8.6,0,26,5.9,1.6,13.6,0
189,Leon Washington,TEN,32,,16,0,31,22,71.0%,159,7.2,2,25,5.1,1.4,9.9,3
190,Luke Willson,SEA,24,TE,15,10,40,22,55.0%,362,16.5,3,80,9.1,1.5,24.1,0
191,Corey Brown,CAR,23,wr,13,3,36,21,58.3%,296,14.1,2,47,8.2,1.6,22.8,3
192,Brice Butler,OAK,24,,15,0,35,21,60.0%,280,13.3,2,55,8.0,1.4,18.7,0
193,Dan Herron,IND,25,rb,16,3,26,21,80.8%,173,8.2,0,26,6.7,1.3,10.8,4
194,Ronnie Hillman,DEN,23,rb,8,4,34,21,61.8%,139,6.6,1,16,4.1,2.6,17.4,1
195,Austin Seferian-Jenkins,TAM,22,TE,9,9,38,21,55.3%,221,10.5,2,30,5.8,2.3,24.6,1
196,Kenbrell Thompkins,2TM,26,,14,7,48,21,43.8%,262,12.5,0,50,5.5,1.5,18.7,0
197,Damien Williams,MIA,22,,16,0,27,21,77.8%,187,8.9,1,32,6.9,1.3,11.7,0
198,Toby Gerhart,JAX,27,fb/rb,14,7,24,20,83.3%,186,9.3,0,26,7.8,1.4,13.3,1
199,Steven Jackson,ATL,31,RB,15,15,27,20,74.1%,148,7.4,0,17,5.5,1.3,9.9,0
200,Richard Rodgers,GNB,22,te,16,5,30,20,66.7%,225,11.3,2,43,7.5,1.3,14.1,0
201,Ben Watson,NOR,34,TE,16,8,31,20,64.5%,136,6.8,2,15,4.4,1.3,8.5,0
202,Rhett Ellison,MIN,26,TE,16,13,26,19,73.1%,208,10.9,1,40,8.0,1.2,13.0,0
203,Ladarius Green,SDG,24,te,14,4,25,19,76.0%,226,11.9,0,28,9.0,1.4,16.1,0
204,Derek Hagan,TEN,30,wr,16,3,34,19,55.9%,254,13.4,1,38,7.5,1.2,15.9,0
205,Kyle Juszczyk,BAL,23,FB,16,14,27,19,70.4%,182,9.6,1,33,6.7,1.2,11.4,3
206,Charles Sims,TAM,24,,8,0,27,19,70.4%,190,10.0,0,24,7.0,2.4,23.8,2
207,C.J. Spiller,BUF,27,rb,9,5,22,19,86.4%,125,6.6,1,25,5.7,2.1,13.9,3
208,Travis Benjamin,CLE,25,,16,0,46,18,39.1%,314,17.4,3,43,6.8,1.1,19.6,2
209,Jack Doyle,IND,24,te,16,1,22,18,81.8%,118,6.6,2,20,5.4,1.1,7.4,0
210,Lance Dunbar,DAL,24,,16,0,22,18,81.8%,217,12.1,0,40,9.9,1.1,13.6,0
211,Garrett Graham,HOU,28,TE,11,9,28,18,64.3%,197,10.9,1,26,7.0,1.6,17.9,0
212,Chris Ivory,NYJ,26,RB,16,10,27,18,66.7%,123,6.8,1,23,4.6,1.1,7.7,2
213,Marcedes Lewis,JAX,30,TE,8,8,31,18,58.1%,206,11.4,2,63,6.6,2.3,25.8,0
214,Bruce Miller,SFO,27,FB,16,8,25,18,72.0%,189,10.5,2,22,7.6,1.1,11.8,1
215,,,,,,,,,,,,,,,,,
216,Bishop Sankey,TEN,22,RB,16,9,23,18,78.3%,133,7.4,0,18,5.8,1.1,8.3,2
217,Zac Stacy,STL,23,rb,13,5,23,18,78.3%,152,8.4,0,17,6.6,1.4,11.7,2
218,James Starks,GNB,28,,16,0,29,18,62.1%,140,7.8,0,28,4.8,1.1,8.8,1
219,Andre Williams,NYG,22,rb/wr,16,7,37,18,48.6%,130,7.2,0,24,3.5,1.1,8.1,1
220,Jim Dray,CLE,28,TE,16,8,27,17,63.0%,242,14.2,1,31,9.0,1.1,15.1,0
221,Alfred Morris*,WAS,26,RB,16,16,26,17,65.4%,155,9.1,0,26,6.0,1.1,9.7,2
222,Latavius Murray,OAK,24,rb,15,3,23,17,73.9%,143,8.4,0,46,6.2,1.1,9.5,1
223,Brandon Tate,CIN,27,wr,16,4,26,17,65.4%,193,11.4,1,50,7.4,1.1,12.1,2
224,Nick Toon,NOR,26,wr,8,2,23,17,73.9%,215,12.6,1,24,9.3,2.1,26.9,1
225,Marquess Wilson,CHI,22,wr,7,6,32,17,53.1%,140,8.2,1,17,4.4,2.4,20.0,0
226,Bryce Brown,BUF,23,rb,7,2,25,16,64.0%,176,11.0,0,40,7.0,2.3,25.1,1
227,Knile Davis,KAN,23,rb,16,1,25,16,64.0%,147,9.2,1,70,5.9,1.0,9.2,4
228,Daniel Fells,NYG,31,TE,16,9,20,16,80.0%,188,11.8,4,27,9.4,1.0,11.8,1
229,Tre Mason,STL,21,RB,12,9,26,16,61.5%,148,9.3,1,35,5.7,1.3,12.3,2
230,Dennis Pitta,BAL,29,te,3,3,21,16,76.2%,125,7.8,0,24,6.0,5.3,41.7,0
231,Dante Rosario,CHI,30,fb/te,16,3,22,16,72.7%,116,7.3,0,22,5.3,1.0,7.3,1
232,Robert Turbin,SEA,25,fb/rb,16,3,20,16,80.0%,186,11.6,2,34,9.3,1.0,11.6,1
233,Albert Wilson,KAN,22,wr,12,2,28,16,57.1%,260,16.3,0,48,9.3,1.3,21.7,0
234,Donnie Avery,KAN,30,wr,6,3,26,15,57.7%,176,11.7,0,27,6.8,2.5,29.3,1
235,Alfred Blue,HOU,23,rb,16,3,18,15,83.3%,113,7.5,1,22,6.3,0.9,7.1,0
236,Corey Fuller,DET,24,wr,16,2,31,14,45.2%,212,15.1,1,52,6.8,0.9,13.3,1
237,Ted Ginn,ARI,29,,16,0,26,14,53.8%,190,13.6,0,27,7.3,0.9,11.9,3
238,Josh Hill,NOR,24,te,16,3,20,14,70.0%,176,12.6,5,37,8.8,0.9,11.0,0
239,Brandon Lloyd,SFO,33,wr,14,3,35,14,40.0%,294,21.0,1,80,8.4,1.0,21.0,0
240,Lance Moore,PIT,31,wr,14,2,26,14,53.8%,198,14.1,2,29,7.6,1.0,14.1,0
241,Jacob Tamme,DEN,29,,15,0,28,14,50.0%,109,7.8,2,26,3.9,0.9,7.3,1
242,Gary Barnidge,CLE,29,te,13,2,25,13,52.0%,156,12.0,0,28,6.2,1.0,12.0,0
243,Brenton Bersin,CAR,24,wr,15,1,20,13,65.0%,151,11.6,1,29,7.6,0.9,10.1,3
244,Doug Martin,TAM,25,RB,11,11,20,13,65.0%,64,4.9,0,20,3.2,1.2,5.8,0
245,Logan Paulsen,WAS,27,TE/wr,16,12,16,13,81.3%,78,6.0,1,16,4.9,0.8,4.9,1
246,,,,,,,,,,,,,,,,,
247,Antone Smith,ATL,29,,10,0,15,13,86.7%,222,17.1,3,74,14.8,1.3,22.2,1
248,Daniel Thomas,MIA,27,,12,0,19,13,68.4%,121,9.3,0,25,6.4,1.1,10.1,1
249,Justin Brown,PIT,23,wr,8,1,21,12,57.1%,94,7.8,0,18,4.5,1.5,11.8,1
250,Vincent Brown,OAK,25,,7,0,21,12,57.1%,118,9.8,0,20,5.6,1.7,16.9,0
251,Cooper Helfet,SEA,25,te,10,2,24,12,50.0%,185,15.4,2,36,7.7,1.2,18.5,0
252,Junior Hemingway,KAN,26,wr,14,1,22,12,54.5%,108,9.0,0,17,4.9,0.9,7.7,0
253,Carlos Hyde,SFO,24,,14,0,16,12,75.0%,68,5.7,0,16,4.3,0.9,4.9,1
254,Dontrelle Inman,SDG,25,,7,0,17,12,70.6%,158,13.2,0,28,9.3,1.7,22.6,0
255,Rishard Matthews,MIA,25,,14,0,22,12,54.5%,135,11.3,2,23,6.1,0.9,9.6,1
256,Denarius Moore,OAK,26,wr,10,2,27,12,44.4%,115,9.6,0,28,4.3,1.2,11.5,1
257,Austin Pettis,2TM,26,,9,0,17,12,70.6%,118,9.8,1,27,6.9,1.3,13.1,0
258,Mike Tolbert,CAR,29,fb,8,6,17,12,70.6%,93,7.8,0,18,5.5,1.5,11.6,0
259,Chris Givens,STL,25,,14,0,20,11,55.0%,159,14.5,1,47,8.0,0.8,11.4,0
260,Frank Gore,SFO,31,RB,16,16,19,11,57.9%,111,10.1,1,55,5.8,0.7,6.9,2
261,Maurice Jones-Drew,OAK,29,rb,12,1,16,11,68.8%,71,6.5,0,12,4.4,0.9,5.9,1
262,Ricardo Lockette,SEA,28,,16,0,15,11,73.3%,195,17.7,2,48,13.0,0.7,12.2,0
263,Bilal Powell,NYJ,26,rb,15,1,15,11,73.3%,92,8.4,0,20,6.1,0.7,6.1,0
264,Stepfan Taylor,ARI,23,rb,14,4,15,11,73.3%,79,7.2,3,18,5.3,0.8,5.6,0
265,Terrance West,CLE,23,rb,14,6,13,11,84.6%,64,5.8,1,11,4.9,0.8,4.6,2
266,Darrel Young,WAS,27,FB,16,10,14,11,78.6%,81,7.4,2,20,5.8,0.7,5.1,0
267,LeGarrette Blount,2TM,28,,16,1,12,10,83.3%,54,5.4,0,13,4.5,0.6,3.4,1
268,Ed Dickson,CAR,27,fb/te/wr,16,10,17,10,58.8%,115,11.5,1,34,6.8,0.6,7.2,1
269,Crockett Gillmore,BAL,23,te,15,1,15,10,66.7%,121,12.1,1,22,8.1,0.7,8.1,0
270,Ryan Griffin,HOU,24,te,16,2,16,10,62.5%,91,9.1,1,25,5.7,0.6,5.7,0
271,Ryan Hewitt,CIN,23,fb/RB,16,11,15,10,66.7%,86,8.6,0,19,5.7,0.6,5.4,0
272,Peyton Hillis,NYG,28,,9,0,16,10,62.5%,87,8.7,0,26,5.4,1.1,9.7,0
273,Josh Morgan,CHI,29,wr,14,7,19,10,52.6%,70,7.0,1,13,3.7,0.7,5.0,0
274,Santana Moss,WAS,35,,10,0,15,10,66.7%,116,11.6,0,19,7.7,1.0,11.6,0
275,Brandon Pettigrew,DET,29,TE,14,9,15,10,66.7%,70,7.0,0,13,4.7,0.7,5.0,0
276,Anthony Sherman,KAN,26,fb,16,6,14,10,71.4%,71,7.1,1,24,5.1,0.6,4.4,0
277,,,,,,,,,,,,,,,,,
278,Eric Weems,ATL,29,,16,0,11,10,90.9%,102,10.2,2,40,9.3,0.6,6.4,0
279,Montee Ball,DEN,24,rb,5,3,13,9,69.2%,62,6.9,0,16,4.8,1.8,12.4,1
280,Joe Banyard,MIN,26,,15,0,11,9,81.8%,62,6.9,0,12,5.6,0.6,4.1,0
281,Derek Carrier,SFO,24,te,11,1,14,9,64.3%,105,11.7,0,23,7.5,0.8,9.5,1
282,Isaiah Crowell,CLE,21,rb,16,4,14,9,64.3%,87,9.7,0,19,6.2,0.6,5.4,3
283,Patrick DiMarco,ATL,25,fb,16,7,14,9,64.3%,62,6.9,1,16,4.4,0.6,3.9,0
284,Gavin Escobar,DAL,23,te,16,1,13,9,69.2%,105,11.7,4,26,8.1,0.6,6.6,0
285,MarQueis Gray,2TM,25,,13,5,11,9,81.8%,134,14.9,0,41,12.2,0.7,10.3,0
286,Rob Housler,ARI,26,te,15,7,17,9,52.9%,129,14.3,0,27,7.6,0.6,8.6,1
287,A.J. Jenkins,KAN,25,wr,9,2,15,9,60.0%,93,10.3,0,27,6.2,1.0,10.3,1
288,Jacoby Jones,BAL,30,,16,0,18,9,50.0%,131,14.6,0,31,7.3,0.6,8.2,4
289,Erik Lorig,NOR,28,fb,10,6,10,9,90.0%,27,3.0,1,14,2.7,0.9,2.7,1
290,Ryan Mathews,SDG,27,rb,6,6,10,9,90.0%,69,7.7,0,16,6.9,1.5,11.5,1
291,Kevin Norwood,SEA,25,wr,9,2,10,9,90.0%,102,11.3,0,31,10.2,1.0,11.3,0
292,Dane Sanzenbacher,CIN,26,wr,10,1,15,9,60.0%,105,11.7,0,26,7.0,0.9,10.5,1
293,Rod Streater,OAK,26,wr,3,3,13,9,69.2%,84,9.3,1,17,6.5,3.0,28.0,0
294,Ben Tate,2TM,26,,11,6,12,9,75.0%,60,6.7,0,23,5.0,0.8,5.5,0
295,Anthony Dixon,BUF,27,,16,0,9,8,88.9%,49,6.1,0,10,5.4,0.5,3.1,1
296,Cory Harkey,STL,24,fb/TE,16,13,11,8,72.7%,55,6.9,1,21,5.0,0.5,3.4,0
297,Santonio Holmes,CHI,30,wr,9,2,14,8,57.1%,67,8.4,0,15,4.8,0.9,7.4,1
298,Josh Huff,PHI,23,,12,0,18,8,44.4%,98,12.3,0,44,5.4,0.7,8.2,1
299,Robert Hughes,ARI,25,fb/rb,16,4,12,8,66.7%,140,17.5,0,49,11.7,0.5,8.8,0
300,Tony Moeaki,SEA,27,te,6,2,13,8,61.5%,134,16.8,1,63,10.3,1.3,22.3,0
301,David Nelson,NYJ,28,wr,6,5,16,8,50.0%,65,8.1,0,17,4.1,1.3,10.8,2
302,Silas Redd,WAS,22,,15,0,10,8,80.0%,107,13.4,0,37,10.7,0.5,7.1,1
303,Khiry Robinson,NOR,25,rb,10,3,11,8,72.7%,63,7.9,0,17,5.7,0.8,6.3,2
304,Greg Salas,NYJ,26,wr,10,2,23,8,34.8%,167,20.9,0,51,7.3,0.8,16.7,0
305,Lorenzo Taliaferro,BAL,23,,13,0,10,8,80.0%,114,14.3,0,29,11.4,0.6,8.8,1
306,Adam Thielen,MIN,24,wr,16,2,13,8,61.5%,137,17.1,1,44,10.5,0.5,8.6,0
307,Mike Williams,BUF,27,,9,0,19,8,42.1%,142,17.8,1,80,7.5,0.9,15.8,0
308,,,,,,,,,,,,,,,,,
309,Dri Archer,PIT,23,,12,0,10,7,70.0%,23,3.3,0,15,2.3,0.6,1.9,0
310,Mike Brown,JAX,25,wr,5,1,15,7,46.7%,88,12.6,0,17,5.9,1.4,17.6,1
311,Rex Burkhead,CIN,24,,9,0,10,7,70.0%,49,7.0,0,15,4.9,0.8,5.4,0
312,Michael Campanaro,BAL,23,,4,0,9,7,77.8%,102,14.6,1,19,11.3,1.8,25.5,0
313,Chris Gragg,BUF,24,te/wr,10,5,10,7,70.0%,48,6.9,1,14,4.8,0.7,4.8,0
314,Ryan Grant,WAS,24,wr,16,2,15,7,46.7%,68,9.7,0,21,4.5,0.4,4.3,0
315,Marion Grice,ARI,23,,10,0,11,7,63.6%,29,4.1,0,15,2.6,0.7,2.9,0
316,Dwayne Harris,DAL,27,,16,0,12,7,58.3%,116,16.6,0,56,9.7,0.4,7.3,4
317,Robert Meachem,NOR,30,wr,11,2,20,7,35.0%,114,16.3,0,25,5.7,0.6,10.4,0
318,Lee Smith,BUF,27,TE,14,10,8,7,87.5%,42,6.0,1,18,5.3,0.5,3.0,0
319,Luke Stocker,TAM,26,te/wr,13,7,11,7,63.6%,41,5.9,0,11,3.7,0.5,3.2,0
320,Will Ta'ufo'ou,JAX,28,fb,16,4,8,7,87.5%,81,11.6,0,26,10.1,0.4,5.1,0
321,Chase Coffman,TEN,28,te,13,3,14,6,42.9%,64,10.7,1,18,4.6,0.5,4.9,0
322,James Develin,NWE,26,fb/rb,16,4,8,6,75.0%,43,7.2,0,13,5.4,0.4,2.7,1
323,Kris Durham,TEN,26,,4,0,11,6,54.5%,54,9.0,0,14,4.9,1.5,13.5,0
324,Bruce Ellington,SFO,23,,13,0,12,6,50.0%,62,10.3,2,20,5.2,0.5,4.8,1
325,Joseph Fauria,DET,24,,7,0,12,6,50.0%,74,12.3,1,26,6.2,0.9,10.6,0
326,Virgil Green,DEN,26,TE,13,9,6,6,100.0%,74,12.3,1,38,12.3,0.5,5.7,0
327,Jonathan Grimes,HOU,25,,16,0,8,6,75.0%,86,14.3,0,31,10.8,0.4,5.4,0
328,Robert Herron,TAM,22,,8,0,12,6,50.0%,58,9.7,1,16,4.8,0.8,7.3,0
329,Jerrel Jernigan,NYG,25,wr,2,1,9,6,66.7%,40,6.7,0,11,4.4,3.0,20.0,0
330,Will Johnson,PIT,25,fb,16,5,9,6,66.7%,41,6.8,0,18,4.6,0.4,2.6,0
331,Brian Leonhardt,OAK,24,te,12,3,8,6,75.0%,35,5.8,1,12,4.4,0.5,2.9,0
332,Greg Little,CIN,25,wr,6,1,12,6,50.0%,69,11.5,0,21,5.8,1.0,11.5,0
333,Keshawn Martin,HOU,24,,16,0,12,6,50.0%,78,13.0,0,32,6.5,0.4,4.9,0
334,Joe McKnight,KAN,26,,2,0,7,6,85.7%,64,10.7,2,26,9.1,3.0,32.0,0
335,Zach Miller,SEA,29,te,3,3,7,6,85.7%,76,12.7,0,24,10.9,2.0,25.3,0
336,Chris Owusu,2TM,24,,8,0,6,6,100.0%,78,13.0,1,36,13.0,0.8,9.8,0
337,Ace Sanders,JAX,23,,12,0,7,6,85.7%,55,9.2,0,24,7.9,0.5,4.6,2
338,Chris Thompson,WAS,24,,2,0,7,6,85.7%,27,4.5,1,9,3.9,3.0,13.5,0
339,,,,,,,,,,,,,,,,,
340,Zurlon Tipton,IND,24,,6,0,6,6,100.0%,68,11.3,1,32,11.3,1.0,11.3,0
341,Bryan Walters,SEA,27,,13,0,11,6,54.5%,57,9.5,0,17,5.2,0.5,4.4,0
342,Jackie Battle,TEN,31,fb,16,1,5,5,100.0%,28,5.6,0,12,5.6,0.3,1.8,0
343,Kevin Brock,CIN,28,te,14,2,6,5,83.3%,21,4.2,0,10,3.5,0.4,1.5,0
344,Ronnie Brown,2TM,33,,10,0,8,5,62.5%,44,8.8,0,24,5.5,0.5,4.4,0
345,Andre Caldwell,DEN,29,wr,16,2,15,5,33.3%,47,9.4,0,15,3.1,0.3,2.9,0
346,Ka'Deem Carey,CHI,22,,14,0,6,5,83.3%,57,11.4,0,18,9.5,0.4,4.1,0
347,Jed Collins,DET,28,fb,16,2,6,5,83.3%,39,7.8,1,24,6.5,0.3,2.4,0
348,Orleans Darkwa,2TM,22,,11,0,6,5,83.3%,48,9.6,0,17,8.0,0.5,4.4,0
349,Darren Fells,ARI,28,te,10,5,12,5,41.7%,71,14.2,0,24,5.9,0.5,7.1,0
350,Jeff Maehl,PHI,25,,8,0,5,5,100.0%,46,9.2,0,15,9.2,0.6,5.8,0
351,Kevin Ogletree,NYG,27,,7,0,9,5,55.6%,50,10.0,0,15,5.6,0.7,7.1,0
352,Jamize Olawale,OAK,25,,16,0,6,5,83.3%,18,3.6,2,7,3.0,0.3,1.1,0
353,Darrin Reaves,CAR,21,rb,6,1,8,5,62.5%,31,6.2,0,16,3.9,0.8,5.2,0
354,Adrien Robinson,NYG,26,te,16,1,7,5,71.4%,50,10.0,1,29,7.1,0.3,3.1,0
355,Zach Sudfeld,NYJ,25,fb/te,16,3,7,5,71.4%,85,17.0,0,38,12.1,0.3,5.3,0
356,Frank Summers,BUF,29,fb,10,6,8,5,62.5%,9,1.8,0,4,1.1,0.5,0.9,0
357,Brian Tyms,NWE,25,wr,11,2,11,5,45.5%,82,16.4,1,43,7.5,0.5,7.5,0
358,Corey Washington,NYG,23,,14,0,8,5,62.5%,52,10.4,1,20,6.5,0.4,3.7,0
359,James White,NWE,22,,3,0,5,5,100.0%,23,4.6,0,11,4.6,1.7,7.7,0
360,Fozzy Whittaker,CAR,25,rb,10,1,6,5,83.3%,60,12.0,1,26,10.0,0.5,6.0,0
361,DeAngelo Williams,CAR,31,rb,6,6,6,5,83.3%,44,8.8,0,30,7.3,0.8,7.3,1
362,Danny Woodhead,SDG,29,,3,0,6,5,83.3%,34,6.8,0,14,5.7,1.7,11.3,0
363,James Wright,CIN,23,,11,0,16,5,31.3%,91,18.2,0,30,5.7,0.5,8.3,0
364,Seyi Ajirotutu,SDG,27,wr,16,1,12,4,33.3%,45,11.3,0,17,3.8,0.3,2.8,0
365,C.J. Fiedorowicz,HOU,23,TE,15,8,7,4,57.1%,28,7.0,1,9,4.0,0.3,1.9,0
366,Frankie Hammond,KAN,24,wr,16,3,11,4,36.4%,45,11.3,0,22,4.1,0.3,2.8,0
367,James Hanna,DAL,25,TE,16,12,6,4,66.7%,48,12.0,0,27,8.0,0.3,3.0,0
368,John Kuhn*+,GNB,32,fb,16,2,4,4,100.0%,23,5.8,0,9,5.8,0.3,1.4,0
369,Joe Morgan,NOR,26,wr,5,2,10,4,40.0%,92,23.0,0,62,9.2,0.8,18.4,0
370,,,,,,,,,,,,,,,,,
371,Joseph Randle,DAL,23,,16,0,5,4,80.0%,23,5.8,0,14,4.6,0.3,1.4,2
372,Stevan Ridley,NWE,25,rb,6,5,5,4,80.0%,20,5.0,0,7,4.0,0.7,3.3,0
373,Russell Shepard,TAM,24,,16,0,8,4,50.0%,63,15.8,0,23,7.9,0.3,3.9,0
374,Juwan Thompson,DEN,22,,15,0,7,4,57.1%,25,6.3,0,14,3.6,0.3,1.7,1
375,Brandon Williams,CAR,27,,14,0,8,4,50.0%,44,11.0,0,16,5.5,0.3,3.1,0
376,Ray Agnew,CLE,23,FB,12,9,9,3,33.3%,15,5.0,0,12,1.7,0.3,1.3,0
377,Jarrett Boykin,GNB,25,wr,13,3,12,3,25.0%,23,7.7,0,11,1.9,0.2,1.8,0
378,James Casey,PHI,30,te,16,2,3,3,100.0%,59,19.7,2,26,19.7,0.2,3.7,0
379,Aaron Dobson,NWE,23,wr,4,1,5,3,60.0%,38,12.7,0,16,7.6,0.8,9.5,0
380,Tyler Eifert,CIN,24,te,1,1,3,3,100.0%,37,12.3,0,20,12.3,3.0,37.0,0
381,T.J. Graham,NYJ,25,,12,0,8,3,37.5%,87,29.0,1,67,10.9,0.3,7.3,0
382,Demetrius Harris,KAN,23,te,8,3,5,3,60.0%,20,6.7,0,10,4.0,0.4,2.5,0
383,Darrius Heyward-Bey,PIT,27,wr,16,1,5,3,60.0%,33,11.0,0,17,6.6,0.2,2.1,1
384,Michael Hoomanawanui,NWE,26,TE,16,12,6,3,50.0%,44,14.7,0,23,7.3,0.2,2.8,0
385,Gator Hoskins,2TM,23,,15,0,4,3,75.0%,21,7.0,0,14,5.3,0.2,1.4,0
386,Troy Niklas,ARI,22,te,7,2,3,3,100.0%,38,12.7,0,17,12.7,0.4,5.4,0
387,Quinton Patton,SFO,24,,4,0,8,3,37.5%,44,14.7,0,35,5.5,0.8,11.0,1
388,Cedric Peerman,CIN,28,,16,0,5,3,60.0%,27,9.0,0,17,5.4,0.2,1.7,1
389,Alfonso Smith,SFO,27,,6,0,4,3,75.0%,11,3.7,0,5,2.8,0.5,1.8,0
390,Matt Spaeth,PIT,31,te/wr,15,8,4,3,75.0%,46,15.3,1,33,11.5,0.2,3.1,0
391,Phillip Supernaw,2TM,24,,8,1,3,3,100.0%,30,10.0,0,29,10.0,0.4,3.8,0
392,Fitzgerald Toussaint,BAL,24,,4,0,6,3,50.0%,27,9.0,0,15,4.5,0.8,6.8,0
393,J.J. Watt*+,HOU,25,DE,16,16,3,3,100.0%,4,1.3,3,2,1.3,0.2,0.3,0
394,Trey Watts,STL,23,,14,0,4,3,75.0%,18,6.0,0,11,4.5,0.2,1.3,0
395,Antonio Andrews,TEN,22,,4,0,2,2,100.0%,11,5.5,0,6,5.5,0.5,2.8,0
396,David Ausberry,OAK,27,,6,0,4,2,50.0%,14,7.0,0,7,3.5,0.3,2.3,0
397,Tommy Bohanon,NYJ,24,fb,4,2,2,2,100.0%,30,15.0,0,16,15.0,0.5,7.5,0
398,Brandon Bolden,NWE,24,rb,16,2,6,2,33.3%,8,4.0,0,4,1.3,0.1,0.5,0
399,Brandon Bostick,GNB,25,,13,0,4,2,50.0%,3,1.5,1,2,0.8,0.2,0.2,0
400,Ryan Broyles,DET,26,,5,0,5,2,40.0%,25,12.5,0,21,5.0,0.4,5.0,0
401,,,,,,,,,,,,,,,,,
402,Garrett Celek,SFO,26,te,3,1,2,2,100.0%,53,26.5,0,31,26.5,0.7,17.7,0
403,Derrick Coleman,SEA,24,fb,5,1,2,2,100.0%,29,14.5,1,15,14.5,0.4,5.8,0
404,John Conner,NYJ,27,fb,12,3,3,2,66.7%,35,17.5,1,26,11.7,0.2,2.9,0
405,Michael Cox,NYG,26,,4,0,3,2,66.7%,9,4.5,0,9,3.0,0.5,2.3,0
406,Jonathan Dwyer,ARI,25,,2,0,3,2,66.7%,8,4.0,0,5,2.7,1.0,4.0,0
407,Gabe Jackson,OAK,23,LG,13,12,2,2,100.0%,-5,-2.5,0,1,-2.5,0.2,-0.4,0
408,Nic Jacobs,JAX,23,te,13,4,3,2,66.7%,16,8.0,1,14,5.3,0.2,1.2,0
409,Jeff Janis,GNB,23,,3,0,2,2,100.0%,16,8.0,0,9,8.0,0.7,5.3,0
410,Austin Johnson,NOR,25,fb,7,1,2,2,100.0%,15,7.5,1,13,7.5,0.3,2.1,0
411,Tavarres King,2TM,24,,2,0,3,2,66.7%,13,6.5,0,7,4.3,1.0,6.5,0
412,Cody Latimer,DEN,22,,8,0,4,2,50.0%,23,11.5,0,14,5.8,0.3,2.9,0
413,Vance McDonald,SFO,24,te,8,4,8,2,25.0%,30,15.0,0,21,3.8,0.3,3.8,1
414,Bear Pascoe,ATL,28,te,16,2,2,2,100.0%,3,1.5,1,2,1.5,0.1,0.2,0
415,Adrian Peterson,MIN,29,rb,1,1,3,2,66.7%,18,9.0,0,9,6.0,2.0,18.0,0
416,Bernard Pierce,BAL,23,rb,13,2,6,2,33.3%,13,6.5,0,7,2.2,0.2,1.0,1
417,Chris Polk,PHI,25,,14,0,3,2,66.7%,16,8.0,0,15,5.3,0.1,1.1,1
418,Craig Stevens,TEN,30,te,5,4,2,2,100.0%,26,13.0,0,20,13.0,0.4,5.2,0
419,Devin Street,DAL,23,,16,0,7,2,28.6%,18,9.0,0,9,2.6,0.1,1.1,0
420,Taylor Thompson,TEN,25,te,3,1,4,2,50.0%,24,12.0,0,13,6.0,0.7,8.0,0
421,Griff Whalen,IND,24,,10,0,3,2,66.7%,23,11.5,0,18,7.7,0.2,2.3,2
422,Kerwynn Williams,ARI,23,,5,0,6,2,33.3%,11,5.5,0,6,1.8,0.4,2.2,1
423,Isa Abdul-Quddus,DET,25,db/ss,16,4,1,1,100.0%,3,3.0,0,3,3.0,0.1,0.2,0
424,Khalif Barnes,OAK,32,lg/RT/t,14,13,1,1,100.0%,1,1.0,0,1,1.0,0.1,0.1,1
425,Antwon Blake,PIT,24,lcb,16,1,1,1,100.0%,25,25.0,0,25,25.0,0.1,1.6,0
426,Cameron Brate,TAM,23,te,5,1,1,1,100.0%,17,17.0,0,17,17.0,0.2,3.4,0
427,Drew Brees*,NOR,35,QB,16,16,1,1,100.0%,1,1.0,0,1,1.0,0.1,0.1,7
428,Anthony Castonzo,IND,26,LT,16,16,1,1,100.0%,1,1.0,1,1,1.0,0.1,0.1,0
429,Tyler Clutts,DAL,30,fb,16,1,1,1,100.0%,1,1.0,0,1,1.0,0.1,0.1,0
430,Josh Cribbs,IND,31,,6,0,1,1,100.0%,8,8.0,0,8,8.0,0.2,1.3,3
431,Andy Dalton*,CIN,27,QB,16,16,1,1,100.0%,18,18.0,1,18,18.0,0.1,1.1,4
432,,,,,,,,,,,,,,,,,
433,Kevin Dorsey,GNB,24,,3,0,2,1,50.0%,4,4.0,0,4,2.0,0.3,1.3,0
434,Marquise Goodwin,BUF,24,,10,0,9,1,11.1%,42,42.0,0,42,4.7,0.1,4.2,1
435,Jonas Gray,NWE,24,rb,8,3,3,1,33.3%,7,7.0,0,7,2.3,0.1,0.9,0
436,Shonn Greene,TEN,29,rb,13,5,3,1,33.3%,13,13.0,0,13,4.3,0.1,1.0,1
437,DuJuan Harris,GNB,26,,15,0,2,1,50.0%,11,11.0,0,11,5.5,0.1,0.7,0
438,Shaun Hill,STL,34,QB,9,8,1,1,100.0%,0,0.0,0,0,0.0,0.1,0.0,7
439,Mike James,TAM,23,,11,0,1,1,100.0%,-5,-5.0,0,-5,-5.0,0.1,-0.5,0
440,Marcel Jensen,JAX,24,,1,0,1,1,100.0%,8,8.0,0,8,8.0,1.0,8.0,0
441,David Johnson,SDG,27,,14,2,,1,0.0%,4,4.0,0,4,,0.1,0.3,0
442,Storm Johnson,JAX,22,rb,6,1,1,1,100.0%,-4,-4.0,0,-4,-4.0,0.2,-0.7,0
443,Karl Klug,TEN,26,,16,0,1,1,100.0%,9,9.0,0,9,9.0,0.1,0.6,0
444,Jorvorskie Lane,TAM,27,fb,9,4,1,1,100.0%,3,3.0,0,3,3.0,0.1,0.3,0
445,Brian Leonard,NOR,30,,1,0,1,1,100.0%,15,15.0,0,15,15.0,1.0,15.0,0
446,Christine Michael,SEA,24,,10,0,2,1,50.0%,12,12.0,0,12,6.0,0.1,1.2,1
447,Knowshon Moreno,MIA,27,,3,0,1,1,100.0%,8,8.0,0,8,8.0,0.3,2.7,0
448,Michael Palmer,PIT,26,te,15,1,2,1,50.0%,1,1.0,1,1,0.5,0.1,0.1,0
449,Donald Penn,OAK,31,LT,16,16,1,1,100.0%,3,3.0,1,3,3.0,0.1,0.2,0
450,Senorise Perry,CHI,23,,16,0,1,1,100.0%,-1,-1.0,0,-1,-1.0,0.1,-0.1,0
451,John Phillips,SDG,27,te,16,1,1,1,100.0%,1,1.0,1,1,1.0,0.1,0.1,0
452,DeVier Posey,HOU,24,wr,1,1,1,1,100.0%,30,30.0,0,30,30.0,1.0,30.0,0
453,Maurkice Pouncey*+,PIT,25,C,16,16,1,1,100.0%,0,0.0,0,0,0.0,0.1,0.0,0
454,Jay Prosch,HOU,22,fb,16,5,4,1,25.0%,24,24.0,0,24,6.0,0.1,1.5,0
455,Aldrick Robinson,2TM,26,,7,0,,1,0.0%,6,6.0,0,6,,0.1,0.9,0
456,Courtney Roby,ATL,31,,4,0,2,1,50.0%,11,11.0,0,11,5.5,0.3,2.8,0
457,Jalen Saunders,4TM,22,,15,0,1,1,100.0%,7,7.0,0,7,7.0,0.1,0.5,2
458,Brian Schwenke,TEN,23,C,11,11,1,1,100.0%,6,6.0,0,6,6.0,0.1,0.5,1
459,Brad Smith,PHI,31,,13,0,3,1,33.3%,11,11.0,0,11,3.7,0.1,0.8,0
460,Micheal Spurlock,CHI,31,,1,0,3,1,33.3%,8,8.0,0,8,2.7,1.0,8.0,0
461,Ryan Tannehill,MIA,26,QB,16,16,1,1,100.0%,-4,-4.0,0,0,-4.0,0.1,-0.3,10
462,Will Tukuafu,SEA,30,fb,9,2,2,1,50.0%,4,4.0,0,4,2.0,0.1,0.4,0
463,,,,,,,,,,,,,,,,,
464,Joe Webb,CAR,28,,7,0,3,1,33.3%,16,16.0,0,16,5.3,0.1,2.3,0
465,Damian Williams,2TM,26,,3,0,1,1,100.0%,14,14.0,0,14,14.0,0.3,4.7,0
466,Russell Wilson,SEA,26,QB,16,16,1,1,100.0%,17,17.0,0,17,17.0,0.1,1.1,13
